[
  {
    "type": "TOOL_ARMOR",
    "category": "clothing",
    "id": "maid_dress",
    "name": { "str": "Victorian maid dress", "str_pl": "Victorian maid dresses" },
    "weight": "800 g",
    "color": "black",
    "to_hit": 0,
    "pocket_data": [
      {
        "pocket_type": "CONTAINER",
        "max_contains_volume": "1 L",
        "max_contains_weight": "3 kg",
        "max_item_length": "10 cm",
        "moves": 75
      },
      {
        "pocket_type": "CONTAINER",
        "max_contains_volume": "1 L",
        "max_contains_weight": "3 kg",
        "max_item_length": "10 cm",
        "moves": 75
      },
      {
        "pocket_type": "CONTAINER",
        "max_contains_volume": "10 L",
        "max_contains_weight": "10 kg",
        "max_item_length": "30 cm",
        "moves": 120
      }
    ],
    "symbol": "[",
    "description": "A classic maid outfit with a white apron, frills and a black one piece. It has some storage space thanks to the apron and side pockets, including space for throwing knives. Since it comes with bloomers, you can take off your underwear and not feel embarrassed about it!",
    "price": "50 USD",
    "material": [ "cotton" ],
    "volume": "4250 ml",
    "warmth": 20,
    "flags": [ "VARSIZE", "FANCY", "OVERSIZE", "POCKETS" ],
    "armor": [
      {
        "encumbrance": [ 6, 11 ],
        "coverage": 95,
        "covers": [ "torso", "arm_l", "arm_r", "leg_l", "leg_r" ],
        "material": [ "cotton" ],
        "material_thickness": 4,
        "environmental_protection": 1
      }
    ]
  },
  {
    "type": "TOOL_ARMOR",
    "category": "clothing",
    "id": "maid_dress_french",
    "name": { "str": "French maid dress", "str_pl": "French maid dresses" },
    "weight": "100 g",
    "color": "blue",
    "pocket_data": [
      {
        "pocket_type": "CONTAINER",
        "max_contains_volume": "2 L",
        "max_contains_weight": "5 kg",
        "max_item_length": "15 cm",
        "moves": 120
      }
    ],
    "symbol": "[",
    "description": "A French maid dress in the modern style, black with a frilly white apron. Doesn't cover much past the thigh or shoulder.",
    "price": "50 USD",
    "material": [ "cotton" ],
    "volume": "250 ml",
    "warmth": 5,
    "flags": [ "VARSIZE", "SUPER_FANCY", "OVERSIZE" ],
    "armor": [
      {
        "encumbrance": [ 5, 10 ],
        "coverage": 70,
        "covers": [ "torso", "arm_l", "arm_r", "leg_l", "leg_r" ],
        "material": [ "cotton" ],
        "material_thickness": 1
      }
    ]
  },
  {
    "type": "TOOL_ARMOR",
    "category": "clothing",
    "id": "maid_dress_french_shoggoth",
    "looks_like": "maid_dress_french",
    "name": { "str": "strange French maid dress", "str_pl": "strange French maid dresses" },
    "weight": "100 g",
    "color": "blue",
    "symbol": "[",
    "description": "A French maid dress in the modern style, black with a frilly white apron. Doesn't cover much past the thigh or shoulder. Something seems off about it.",
    "price": "50 USD",
    "material": [ "cotton" ],
    "volume": "250 ml",
    "warmth": 20,
    "flags": [ "VARSIZE", "SUPER_FANCY", "OVERSIZE", "STURDY" ],
    "armor": [
      {
        "encumbrance": [ 5, 10 ],
        "coverage": 0,
        "covers": [ "torso", "arm_l", "arm_r", "leg_l", "leg_r" ],
        "material": [ "cotton" ],
        "material_thickness": 1
      }
    ]
    },
  {
    "type": "TOOL_ARMOR",
    "id": "survivor_maid_dress",
    "repairs_like": "lsurvivor_suit",
    "category": "armor",
    "name": { "str": "survivor Victorian maid dress", "str_pl": "survivor Victorian maid dresses" },
    "weight": "2300 g",
    "color": "black",
    "symbol": "[",
    "description": "A Victorian maid dress tailored specifically for post-cataclysm maids. The kevlar weave provides modest protection, but makes it somewhat harder to move in.",
    "price": "1100 USD",
    "material": [ "kevlar_layered", "cotton" ],
    "volume": "10500 ml",
    "warmth": 30,
    "pocket_data": [
      {
        "pocket_type": "CONTAINER",
        "max_contains_volume": "1 L",
        "max_contains_weight": "3 kg",
        "max_item_length": "10 cm",
        "moves": 75
      },
      {
        "pocket_type": "CONTAINER",
        "max_contains_volume": "1 L",
        "max_contains_weight": "3 kg",
        "max_item_length": "10 cm",
        "moves": 75
      },
      {
        "pocket_type": "CONTAINER",
        "max_contains_volume": "10 L",
        "max_contains_weight": "10 kg",
        "max_item_length": "30 cm",
        "moves": 120
      }
    ],
    "flags": [ "VARSIZE", "WATERPROOF", "RAINPROOF", "STURDY", "FANCY", "OVERSIZE", "POCKETS" ],
    "armor": [
      {
        "encumbrance": [ 8, 17 ],
        "coverage": 100,
        "covers": [ "leg_l", "leg_r", "head", "torso", "arm_l", "arm_r" ],
        "material": [ "kevlar_layered", "cotton" ],
        "material_thickness": 4,
        "environmental_protection": 5
      }
    ]
  },
  {
    "type": "ARMOR",
    "category": "clothing",
    "id": "jokyu_fuku",
    "name": { "str": "Jokyu dress", "str_pl": "Jokyu dresses" },
    "weight": "1200 g",
    "color": "brown",
    "symbol": "[",
    "description": "Women's servant clothes worn in Japanese cafes a long time ago. Essentially a white apron over a kimono.",
    "price": "50 USD",
    "material": [ "cotton" ],
    "volume": "5 L",
    "warmth": 20,
    "pocket_data": [
      {
        "pocket_type": "CONTAINER",
        "max_contains_volume": "2 L",
        "max_contains_weight": "5 kg",
        "max_item_length": "15 cm",
        "moves": 120
      }
    ],
    "flags": [ "VARSIZE", "FANCY", "OVERSIZE" ],
    "relic_data": { "passive_effects": [ { "has": "WORN", "condition": "ALWAYS", "values": [ { "value": "DEXTERITY", "add": 2 } ] } ] },
    "armor": [
      {
        "encumbrance": [ 9, 15 ],
        "coverage": 95,
        "covers": [ "torso", "arm_l", "arm_r", "leg_l", "leg_r" ],
        "material": [ "cotton" ],
        "material_thickness": 4,
        "environmental_protection": 1
      }
    ]
  },
  {
    "type": "ARMOR",
    "category": "clothing",
    "id": "stockings_lace",
    "name": { "str": "lace stockings with garterbelt", "str_pl": "lace stockings with garterbelts" },
    "weight": "90 g",
    "color": "white",
    "symbol": "[",
    "description": "A set of pure white stockings with garterbelt and panties, decorated with elegant lacing.",
    "price": 500,
    "material": [ "cotton" ],
    "volume": "250 ml",
    "warmth": 6,
    "flags": [ "VARSIZE", "SKINTIGHT", "SUPER_FANCY", "OVERSIZE" ],
    "armor": [
      {
        "coverage": 85,
        "covers": [ "foot_l", "foot_r", "leg_l", "leg_r" ],
        "material": [ "cotton" ],
        "material_thickness": 1
      }
    ]
  },
  {
    "type": "TOOL_ARMOR",
    "category": "clothing",
    "id": "tux",
    "name": { "str": "tuxedo" },
    "weight": "1587 g",
    "color": "dark_gray",
    "symbol": "[",
    "description": "A full-body tuxedo.  Makes the apocalypse feel a little more classy.",
    "price": "210 USD",
    "material": [ "cotton" ],
    "volume": "5500 ml",
    "warmth": 30,
    "flags": [ "VARSIZE", "SUPER_FANCY", "OVERSIZE" ],
    "pocket_data": [
    {
      "pocket_type": "CONTAINER",
      "max_contains_volume": "700 ml",
      "max_contains_weight": "2 kg",
      "max_item_length": "15 cm",
      "moves": 80
    },
    {
      "pocket_type": "CONTAINER",
      "max_contains_volume": "700 ml",
      "max_contains_weight": "2 kg",
      "max_item_length": "15 cm",
      "moves": 80
    },
    {
      "pocket_type": "CONTAINER",
      "max_contains_volume": "250 ml",
      "max_contains_weight": "1 kg",
      "max_item_length": "12 cm",
      "moves": 120
    },
    {
      "pocket_type": "CONTAINER",
      "max_contains_volume": "250 ml",
      "max_contains_weight": "1 kg",
      "max_item_length": "12 cm",
      "moves": 120
    },
    { "pocket_type": "MAGAZINE", "ammo_restriction": { "assassins_throwing_dagger": 12 }
    },
    {
      "pocket_type": "CONTAINER",
      "max_contains_volume": "350 ml",
      "max_contains_weight": "1 kg",
      "max_item_length": "12 cm",
      "moves": 80
    },
    {
      "pocket_type": "CONTAINER",
      "max_contains_volume": "250 ml",
      "max_contains_weight": "1 kg",
      "max_item_length": "10 cm",
      "moves": 100
    },
    {
      "pocket_type": "CONTAINER",
      "max_contains_volume": "250 ml",
      "max_contains_weight": "1 kg",
      "max_item_length": "10 cm",
      "moves": 100
    }
  ],
    "ammo": [ "assassins_throwing_dagger" ],
    "armor": [
      {
        "encumbrance": 12,
        "coverage": 95,
        "covers": [ "leg_l", "leg_r", "torso", "arm_l", "arm_r" ],
        "material": [ "cotton" ],
        "material_thickness": 4,
        "environmental_protection": 1
      }
    ]
  },
  {
    "type": "TOOL_ARMOR",
    "id": "survivor_tux",
    "repairs_like": "lsurvivor_suit",
    "category": "armor",
    "name": { "str": "survivor tuxedo" },
    "weight": "3050 g",
    "color": "dark_gray",
    "symbol": "[",
    "description": "A tux tailored specifically for post-cataclysm butlers. The kevlar weave provides modest protection, but makes it somewhat harder to move in.",
    "price": "1100 USD",
    "material": [ "kevlar_layered", "cotton" ],
    "volume": "11250 ml",
    "warmth": 30,
    "pocket_data": [
      { "pocket_type": "MAGAZINE", "ammo_restriction": { "assassins_throwing_dagger": 12 } },
      {
        "pocket_type": "CONTAINER",
        "max_contains_volume": "1 L",
        "max_contains_weight": "3 kg",
        "max_item_length": "10 cm",
        "moves": 75
      },
      {
        "pocket_type": "CONTAINER",
        "max_contains_volume": "1 L",
        "max_contains_weight": "3 kg",
        "max_item_length": "10 cm",
        "moves": 75
      }
    ],
    "flags": [ "VARSIZE", "HOOD", "WATERPROOF", "RAINPROOF", "STURDY", "SUPER_FANCY", "OVERSIZE" ],
    "ammo": [ "assassins_throwing_dagger" ],
    "armor": [
      {
        "encumbrance": [ 9, 17 ],
        "coverage": 100,
        "covers": [ "leg_l", "leg_r", "head", "torso", "arm_l", "arm_r" ],
        "material": [ "kevlar_layered", "cotton" ],
        "material_thickness": 4,
        "environmental_protection": 5
      }
    ]
  },
  {
    "type": "ARMOR",
    "category": "clothing",
    "id": "maid_cap",
    "name": { "str": "maid cap" },
    "weight": "50 g",
    "color": "white",
    "symbol": "[",
    "description": "A frilly white cap commonly used by maids.",
    "price": "20 USD",
    "material": [ "cotton" ],
    "volume": "250 ml",
    "warmth": 30,
    "flags": [ "VARSIZE" ],
    "armor": [ { "coverage": 60, "covers": [ "head" ], "material": [ "cotton" ], "material_thickness": 1 } ]
  },
  {
    "type": "ARMOR",
    "category": "clothing",
    "id": "maid_cap_shoggoth",
    "name": { "str": "strange maid headband" },
    "weight": "50 g",
    "looks_like": "maid_cap",
    "color": "white",
    "symbol": "[",
    "description": "A frilly white headband commonly used by maids. Something seems off about it.",
    "price": "20 USD",
    "material": [ "cotton" ],
    "volume": "250 ml",
    "warmth": 30,
    "flags": [ "VARSIZE", "STURDY", "FANCY" ],
    "armor": [ { "coverage": 0, "covers": [ "head" ], "material": [ "cotton" ], "material_thickness": 1 } ]
  },
  {
    "type": "ARMOR",
    "category": "clothing",
    "id": "cat_maid_cap",
    "name": { "str": "cat eared maid cap" },
    "weight": "60 g",
    "color": "white",
    "symbol": "[",
    "description": "A frilly white cap commonly used by maids. There's two bumps on top of it that look like cat ears. It's very cute.",
    "price": "20 USD",
    "material": [ "cotton" ],
    "volume": "250 ml",
    "warmth": 30,
    "flags": [ "VARSIZE", "FANCY" ],
    "armor": [ { "coverage": 60, "covers": [ "head" ], "material": [ "cotton" ], "material_thickness": 1 } ]
  },
  {
    "type": "ARMOR",
    "category": "clothing",
    "id": "panties_kemo",
    "name": { "str": "tail panties", "str_pl": "tail panties" },
    "weight": "100 g",
    "color": "white",
    "symbol": "[",
    "description": "A special type of underwear meant for people with tails. Although it's incredibly thin, it's the last line of defense for your dignity.",
    "price": "50 USD",
    "material": [ "cotton" ],
    "volume": "250 ml",
    "warmth": 5,
    "flags": [ "VARSIZE", "SKINTIGHT", "OVERSIZE" ],
    "armor": [ { "coverage": 15, "covers": [ "leg_l", "leg_r" ], "material": [ "cotton" ], "material_thickness": 1 } ]
  },
  {
    "type": "ARMOR",
    "id": "briefs_kemo",
    "name": { "str": "tail briefs", "str_pl": "tail briefs" },
    "weight": "32 g",
    "color": "white",
    "symbol": "[",
    "description": "A special type of underwear meant for people with tails. It stands as the difference between being a gentleman and being a beast.",
    "price": "10 USD",
    "material": [ "cotton" ],
    "volume": "250 ml",
    "warmth": 5,
    "flags": [ "VARSIZE", "SKINTIGHT", "OVERSIZE" ],
    "armor": [ { "coverage": 15, "covers": [ "leg_l", "leg_r" ], "material": [ "cotton" ], "material_thickness": 1 } ]
  },
  {
    "id": "maids_scarf",
    "type": "TOOL_ARMOR",
    "category": "clothing",
    "symbol": "[",
    "color": "light_gray",
    "name": { "str": "maid's scarf" },
    "description": "A very long light cloth scarf, worn over the mouth for warmth.  With the extra length, it's enough to handle nonstandard facial features and accommodate your hands too.  Use it to loosen it if you get too warm.",
    "price": "15 USD",
    "material": [ "cotton" ],
    "weight": "120 g",
    "volume": "1 L",
    "to_hit": -3,
    "flags": [ "OVERSIZE", "POCKETS", "OUTER", "ALLOWS_NATURAL_ATTACKS" ],
    "warmth": 20,
    "armor": [
      {
        "encumbrance": 0,
        "coverage": 100,
        "covers": [ "mouth" ],
        "material": [ "cotton" ],
        "material_thickness": 1,
        "environmental_protection": 5
      }
    ]
  },
  {
  "id": "petticoat",
  "type": "ARMOR",
  "name": {
    "str": "petticoat"
  },
  "description": "A short, breezy cotton petticoat.",
  "weight": "225 g",
  "volume": "250 ml",
  "price": 6500,
  "price_postapoc": 50,
  "material": [
    "cotton"
  ],
  "symbol": "[",
  "looks_like": "kilt",
  "color": "dark_gray",
  "pocket_data": [
    {
      "pocket_type": "CONTAINER",
      "max_contains_volume": "250 ml",
      "max_contains_weight": "1 kg",
      "moves": 80
    }
  ],
  "warmth": 5,
  "material_thickness": 0.1,
  "flags": [
    "VARSIZE"
  ],
  "armor": [
    {
      "coverage": 100,
      "covers": [
        "leg_l",
        "leg_r"
      ],
      "specifically_covers": [
        "leg_hip_l",
        "leg_hip_r"
      ]
    },
    {
      "coverage": 75,
      "covers": [
        "leg_l",
        "leg_r"
      ],
      "specifically_covers": [
        "leg_upper_l",
        "leg_upper_r"
      ]
    }
   ]
 }
]