[
  {

    "type": "item_group",
    "id": "mansion_guns",
    "copy-from": "mansion_guns",
    "extend": {
    "items": [
      [ "vorpal_kitchen_knife", 1 ],
      [ "slaying_pan", 2 ],
      [ "brutal_broom", 2 ],
      [ "spiked_whip", 2 ],
      [ "shikomi_kasa", 2 ],
      [ "shikomi_stick", 2 ],
      [ "maid_claw", 2 ],
      [ "leather_cat_tail_biv", 5 ],
      [ "fur_cat_tail_biv", 5 ],
      [ "stockings_lace", 5 ],
      [ "petticoat", 5 ],
      [ "maid_cloak_off", 2 ],
      [ "maidguy_mask_off", 2 ]
    ]
    }
  },
  {
    "type": "item_group",
    "id": "mansion_books",
    "copy-from": "mansion_books",
    "extend": {
    "items": [ [ "manual_maid", 3 ] ]
    }
    
  },
  {
    "type": "item_group",
    "id": "chem_lab",
    "copy-from": "chem_lab",
    "extend": {
    "items": [ [ "book_shoggoth", 2 ] ]
    }
  },
  {
    "type": "item_group",
    "id": "mut_lab",
    "copy-from": "mut_lab",
    "extend": {
    "items": [ [ "book_shoggoth", 2 ], [ "iv_mutagen_maid_flask", 4 ] ]
    }
  },
  {
    "type": "item_group",
    "id": "bedroom",
    "copy-from": "bedroom",
    "extend": {
    "items": [
      [ "stockings_lace", 3 ],
      [ "petticoat", 3 ],
      [ "jokyu_fuku", 3 ],
      [ "maid_dress_french", 3 ],
      [ "maid_cap", 3 ],
      [ "cat_maid_cap", 3 ],
      [ "leather_cat_tail_biv", 3 ],
      [ "fur_cat_tail_biv", 3 ]
    ]
    }
  },
  {
    "type": "item_group",
    "id": "dresser",
    "copy-from": "dresser",
    "extend": {
    "items": [
      [ "stockings_lace", 3 ],
      [ "petticoat", 3 ],
      [ "jokyu_fuku", 3 ],
      [ "maid_dress_french", 3 ],
      [ "maid_cap", 3 ],
      [ "cat_maid_cap", 3 ],
      [ "leather_cat_tail_biv", 3 ],
      [ "fur_cat_tail_biv", 3 ]
    ]
    }
  },
  {
    "type": "item_group",
    "id": "hatstore_hats",
    "copy-from": "hatstore_hats",
    "extend": {
    "items": [ [ "maid_cap", 30 ], [ "cat_maid_cap", 20 ] ]
    }
  },
  {
    "type": "item_group",
    "id": "allclothes",
    "copy-from": "allclothes",
    "extend": {
    "items": [
      [ "stockings_lace", 3 ],
      [ "petticoat", 3 ],
      [ "jokyu_fuku", 3 ],
      [ "maid_dress_french", 3 ],
      [ "maid_cap", 3 ],
      [ "cat_maid_cap", 3 ]
    ]
    }
  },
  {
    "type": "item_group",
    "id": "pawn",
    "copy-from": "pawn",
    "extend": {
    "items": [
      [ "stockings_lace", 1 ],
      [ "petticoat", 1 ],
      [ "jokyu_fuku", 1 ],
      [ "maid_dress_french", 1 ],
      [ "maid_cap", 1 ],
      [ "cat_maid_cap", 1 ],
      [ "leather_cat_tail_biv", 1 ],
      [ "fur_cat_tail_biv", 1]
    ]
    }
  }
]
