[
{
    "id": "iv_mutagen_maid_flask",
    "copy-from": "iv_mutagen_flavor",
    "type": "COMESTIBLE",
    "name": { "str": "Shoggoth Blood" },
    "description": "This is blood taken from Shoggoth. The blood itself is wriggling at a slow rate, even though it hasn't been touched by anything. If you intend to use it, you will need a syringe...",
    "price": "3000 USD",
    "looks_like": "Blood",
    "color": "light_red",
    "healthy": -4,
    "use_action": {
      "type": "consume_drug",
      "activation_message": "You inject the Shoggoth Blood.",
      "vitamins": [ [ "mutagen_maid", 450, 550 ], ["mutagen", 125] ]
    }
  },
  {
    "id": "iv_mutagen_maid",
    "copy-from": "iv_mutagen_flavor",
    "type": "COMESTIBLE",
    "name": { "str": "Shoggoth Blood" },
    "description": "This is blood taken from Shoggoth. The blood itself is wriggling at a slow rate, even though it hasn't been touched by anything. If you intend to use it, you will need a syringe...",
    "price": "3000 USD",
    "looks_like": "iv_mutagen",
    "color": "light_red",
    "healthy": -4,
    "use_action": {
      "type": "consume_drug",
      "activation_message": "You inject the Shoggoth Blood.",
      "vitamins": [ [ "mutagen_maid", 450, 550 ], ["mutagen", 125] ]
    }
  },
  {
    "id": "mutagen_maid",
    "copy-from": "iv_mutagen_flavor",
    "type": "COMESTIBLE",
    "name": { "str": "Potion of Maid Awakening" },
    "description": "Potion of Maid Awakening.",
    "price": "3000 USD",
    "looks_like": "iv_mutagen",
    "color": "light_red",
    "healthy": -4,
    "use_action": {
      "type": "consume_drug",
      "activation_message": "You drink the potion of Maid Awakening.",
      "tools_needed": { "syringe": -1 },
      "vitamins": [ [ "mutagen_maid", 450, 550 ], ["mutagen", 125] ]
    }
  }
]
