[
  {
    "id": "leather_cat_tail_biv",
    "type": "TOOL_ARMOR",
    "category": "clothing",
    "name": { "str": "leather cat tail (vibrator)" },
    "volume": "250 ml",
    "description": "A shiny black cat tail made out of leather. Whenever you walk, it sways back and forth. You can turn it on for extra enjoyment.",
    "flags": [ "FANCY" ],
    "weight": "100 g",
    "pocket_data": [ { "pocket_type": "MAGAZINE", "rigid": true, "ammo_restriction": { "battery": 100 } } ],
    "ammo": [ "battery" ],
    "color": "dark_gray",
    "price": "25 USD",
    "material": [ "leather", "plastic" ],
    "symbol": "s",
    "use_action": "VIBE"
  },
  {
    "type": "TOOL_ARMOR",
    "id": "fur_cat_tail_biv",
    "category": "clothing",
    "name": { "str": "furred cat tail (vibrator)" },
    "volume": "250 ml",
    "description": "A brown soft and furry cat tail. Whenever you walk, it sways back and forth. You can turn it on for extra enjoyment.",
    "flags": [ "FANCY" ],
    "weight": "100 g",
    "pocket_data": [ { "pocket_type": "MAGAZINE", "rigid": true, "ammo_restriction": { "battery": 100 } } ],
    "ammo": [ "battery" ],
    "color": "brown",
    "price": "10 USD",
    "material": [ "fur", "plastic" ],
    "symbol": "s",
    "use_action": "VIBE"
  },
  {
    "type": "TOOL_ARMOR",
    "id": "blob_cat_tail",
    "category": "clothing",
    "name": { "str": "blob cat tail" },
    "volume": "250 ml",
    "description": "A blob shaped like the tail of a cat that has been made docile. Whenever you walk, it sways back and forth. Make sure to feed your new blob friend!",
    "flags": [ "FANCY" ],
    "weight": "100 g",
    "pocket_data": [ { "pocket_type": "MAGAZINE", "ammo_restriction": { "blob_gohan": 100 } } ],
    "ammo": [ "blob_gohan" ],
    "color": "red",
    "price": "10 USD",
    "material": [ "flesh" ],
    "symbol": "s",
    "use_action": "VIBE"
  },
  {
    "type": "TOOL_ARMOR",
    "category": "clothing",
    "id": "man_carrier",
    "name": { "str": "human-sized carry bag" },
    "weight": "1000 g",
    "color": "brown",
    "symbol": "[",
    "description": "A large bag that could fit a person inside. The zipper running across it provides ventilation and you can open and close it from the inside. It can be used as a sleeping bag, as well.",
    "price": "205 USD",
    "material": [ "leather", "wool" ],
    "volume": "5 L",
    "warmth": 80,
    "flags": [ "OVERSIZE", "OUTER" ],
    "use_action": "CAPTURE_MONSTER_ACT",
    "properties":  {"creature_size_capacity": "MEDIUM" },
    "armor": [
      {
        "encumbrance": 80,
        "coverage": 100,
        "covers": [ "torso", "head", "mouth", "arm_l", "arm_r", "hand_l", "hand_r", "leg_l", "leg_r", "foot_l", "foot_r" ],
        "material": [ "leather", "wool" ],
        "material_thickness": 4,
        "environmental_protection": 1
      }
    ]
  },
  {
    "type": "TOOL_ARMOR",
    "category": "clothing",
    "id": "maid_cloak_off",
    "name": { "str": "maid cloak (off)" },
    "weight": "1175 g",
    "color": "green",
    "symbol": "[",
    "description": "An elegant mantle to keep you warm when going outside. Use it to turn invisible. Consumes maid points.",
    "price": "107 USD",
    "material": [ "cotton" ],
    "volume": "3000 ml",
    "warmth": 30,
    "flags": [ "OVERSIZE", "HOOD", "OUTER", "VARSIZE" ],
    "pocket_data": [ { "pocket_type": "MAGAZINE", "ammo_restriction": { "maid_point": 100 } } ],
    "charges_per_use": 50,
    "ammo": [ "maid_point" ],
    "use_action": {
      "type": "transform",
      "msg": "You take a deep breath... And become invisible.",
      "target": "maid_cloak_on",
      "active": true,
      "need_charges": 100,
      "need_charges_msg": "Not enough maid points!"
    },
    "armor": [
      {
        "encumbrance": 10,
        "coverage": 65,
        "covers": [ "torso", "head", "arm_l", "arm_r", "leg_l", "leg_r" ],
        "material": [ "cotton" ],
        "material_thickness": 2,
        "environmental_protection": 3
      }
    ]
  },
  {
    "type": "TOOL_ARMOR",
    "category": "clothing",
    "id": "maid_cloak_on",
    "name": { "str": "maid cloak (on)" },
    "weight": "1175 g",
    "color": "green",
    "symbol": "[",
    "description": "An elegant mantle to keep you warm when going outside. Use it to turn visible. It is currently on and consuming maid points.",
    "price": "107 USD",
    "material": [ "cotton" ],
    "volume": "3000 ml",
    "warmth": 30,
    "flags": [ "OVERSIZE", "HOOD", "OUTER", "VARSIZE", "ACTIVE_CLOAKING", "NO_RELOAD" ],
    "pocket_data": [ { "pocket_type": "MAGAZINE", "ammo_restriction": { "maid_point": 100 } } ],
    "turns_per_charge": 1,
    "ammo": [ "maid_point" ],
    "revert_to": "maid_cloak_off",
    "use_action": {
      "type": "transform",
      "msg": "You take a deep breath... And become visible again.",
      "target": "maid_cloak_off",
      "need_charges": 0
    },
    "relic_data": {
      "passive_effects": [
        {
          "has": "WORN",
          "condition": "ALWAYS",
          "mutations": [ "CAMO_MAID" ]
        }
      ]
    },
    "armor": [
      {
        "encumbrance": 10,
        "coverage": 65,
        "covers": [ "torso", "head", "arm_l", "arm_r", "leg_l", "leg_r" ],
        "material": [ "cotton" ],
        "material_thickness": 2,
        "environmental_protection": 3
      }
    ]
  },
{
  "type": "mutation",
  "id": "CAMO_MAID",
  "name": {
    "str": "Maid cloak"
  },
  "points":0,
  "visibility": 0,
  "ugliness": 0,
  "description": "Your body and equipment have become transparent, making you much more difficult to be spotted.",
  "purifiable": false,
  "enchantments": [
    {
      "values": [
        {
          "value": "STEALTH_MODIFIER",
          "add": 65
        }
      ]
    }
 ]
},
  {
    "type": "TOOL_ARMOR",
    "category": "clothing",
    "id": "maidguy_mask_off",
    "name": { "str": "white brim with veil", "str_pl": "white brims with veils" },
    "weight": "150 g",
    "color": "white",
    "symbol": "[",
    "description": "A regular maid's white brim with an elegant veil sewn into it, decorated with silver frills. Although it covers your eyes and blocks your vision quite harshly, you can use maid points to turn it on and gain otherwordly sight.",
    "price": "80 USD",
    "material": [ "silver", "cotton" ],
    "volume": "250 ml",
    "warmth": 10,
    "flags": [ "SUN_GLASSES", "FANCY" ],
    "pocket_data": [ { "pocket_type": "MAGAZINE", "ammo_restriction": { "maid_point": 100 } } ],
    "charges_per_use": 50,
    "ammo": [ "maid_point" ],
    "use_action": {
      "type": "transform",
      "msg": "You use the maid points and your vision expands.",
      "target": "maidguy_mask_on",
      "active": true,
      "need_charges": 100,
      "need_charges_msg": "Not enough maid points!"
    },
    "armor": [
      {
        "coverage": 100,
        "covers": [ "eyes" ],
        "material": [ "silver", "cotton" ],
        "material_thickness": 4,
        "environmental_protection": 6
      }
    ]
  },
  {
    "type": "TOOL_ARMOR",
    "category": "clothing",
    "id": "maidguy_mask_on",
    "name": { "str": "white brim with veil (clairvoyant)", "str_pl": "white brims with veils (clairvoyant)" },
    "weight": "150 g",
    "color": "white",
    "symbol": "[",
    "description": "A regular maid's white brim with an elegant veil sewn into it, decorated with silver frills. It is currently see-through.",
    "price": "80 USD",
    "material": [ "silver", "cotton" ],
    "volume": "250 ml",
    "warmth": 10,
    "flags": [ "SUN_GLASSES", "FANCY", "NO_RELOAD" ],
    "pocket_data": [ { "pocket_type": "MAGAZINE", "ammo_restriction": { "maid_point": 100 } } ],
    "turns_per_charge": 1,
    "ammo": [ "maid_point" ],
    "revert_to": "maidguy_mask_off",
    "use_action": {
      "type": "transform",
      "msg": "The last bits of the maid points fizzle away and the veil turns back to normal.",
      "target": "maidguy_mask_off",
      "need_charges": 0
    },
    "relic_data": { "passive_effects": [ { "has": "WORN", "condition": "ALWAYS", "mutations": [ "DEBUG_CLAIRVOYANCE" ] } ] },
    "armor": [
      {
        "coverage": 100,
        "covers": [ "eyes" ],
        "material": [ "silver", "cotton" ],
        "material_thickness": 4,
        "environmental_protection": 6
      }
    ]
  }
]
}
]

    ]
  }
]
}
]
