[
  {
  "type": "COMESTIBLE",
  "comestible_type": "FOOD",
  "id": "meat_shoggoth",
  "name": { "str": "shoggoth heart", "str_pl": "shoggoth meats" },
  "weight": "4535 g",
  "color": "black_red",
  "symbol": "%",
  "healthy": -10,
  "calories": 347,
  "description": "he heart of a shoggoth. You could eat it to master the beast's morphogenic prowess, or you could use it to 'master' the beast in another way.",
  "volume": "1 L",
  "fun": -25,
  "vitamins": [ [ "mutagen_maid", 300 ]],
  "flags": [
    "PREDATOR_FUN"
  ]
},
  {
    "type": "GENERIC",
    "category": "other",
    "id": "flask_shoggoth",
    "name": { "str": "flask (shoggoth)", "str_pl": "flasks (shoggoth)" },
    "description": "A glass flask containing a piece of meat that seems to be growing. Occasionally the piece of meat pulsates.",
    "weight": "1200 g",
    "symbol": "M",
    "color": "dark_gray",
    "price": "50 USD",
    "material": [ "glass", "maid" ],
    "volume": "250 ml",
    "use_action": {
      "type": "delayed_transform",
      "transform_age": 201600,
      "not_ready_msg": "The piece of meat pulsates.",
      "msg": "The flask is threatening to shatter as the meat keeps growing. Use it again to open it and relieve the pressure.",
      "moves": 0,
      "target": "shoggoth_maid"
    }
  },
  {
    "id": "shoggoth_maid",
    "type": "TOOL",
    "category": "other",
    "symbol": "M",
    "color": "dark_gray",
    "name": { "str": "growing shoggoth maid" },
    "description": "The meat inside this flask glows with iridescent colors. It's lightly shivering.",
    "price": "600 USD",
    "material": [ "glass", "maid" ],
    "weight": "1200 g",
    "volume": "250 ml",
    "use_action": {
      "type": "place_npc",
      "npc_class_id": "shoggoth_maid",
      "summon_msg": "The odd meat is released from its glass flask prison and begins to rapidly and violently expand, extending numerous disjointed tentacles in every direction. The tentacles intertwine with each other and transform into an organism, resembling a beautiful woman, not quite like the horrible nightmare creature it used to be. She suddenly speaks up: 'Finally, I am able to meet you like this! Thank you for helping me, master!'",
      "place_randomly": true
    }
  },
  {
    "type": "GENERIC",
    "category": "other",
    "id": "mini_shoggoth",
    "name": { "str": "small shoggoth maid", "str_pl": "small shoggoth maids" },
    "description": "'Ah... I think I went overboard and turned out like this. I need some time to return to my former shape. Please warm me up in master's pockets! Don't put me in a fridge! Absolutely not!'",
    "weight": "200 g",
    "symbol": "m",
    "color": "white",
    "price": "50 USD",
    "material": [ "maid" ],
    "volume": "250 ml",
    "use_action": {
      "type": "delayed_transform",
      "transform_age": 100800,
      "not_ready_msg": "'Fufufu~ Are you worried? I am fine, your maid is fine! ... I guess. So, please wait a bit longer... I'm sorry for making you concerned.'",
      "msg": "'I have made a complete recovery! I will serve you well, master! Now, please put me on the ground.'",
      "moves": 0,
      "target": "res_shoggoth"
    }
  },
  {
    "id": "res_shoggoth",
    "type": "TOOL",
    "category": "other",
    "symbol": "M",
    "color": "white",
    "name": { "str": "revitalized shoggoth maid" },
    "description": "'What's up? Why haven't you put me on the ground yet? Ah, you want me to stay tiny for a little while longer? Ehh... I suppose it can't be helped.'",
    "price": "600 USD",
    "material": [ "maid" ],
    "weight": "1200 g",
    "volume": "250 ml",
    "use_action": {
      "type": "place_npc",
      "npc_class_id": "shoggoth_maid",
      "summon_msg": "'Sorry I kept you waiting, master! I will do my best to serve you and support you to the best of my abilities!'",
      "place_randomly": true
    }
  },
  {
    "id": "maid_master_child",
    "type": "TOOL",
    "category": "other",
    "symbol": "m",
    "color": "brown",
    "name": { "str": "master" },
    "description": "A child entrusted to you by the owner of the house you served at. There's a deep feeling of fear in your stomach as you embrace the cataclysm, but protecting this child gives you purpose and makes you feel less alone.",
    "price": "600 USD",
    "material": [ "flesh" ],
    "weight": "1200 g",
    "volume": "250 ml",
    "use_action": {
      "type": "place_monster",
      "monster_id": "maid_master",
      "friendly_msg": "Master seemed worried about the state of the neighbors.",
      "place_randomly": true
    }
  },
  {
    "id": "master_doll",
    "type": "TOOL",
    "category": "other",
    "symbol": "m",
    "color": "brown",
    "name": { "str": "master doll" },
    "description": "This is a doll in the shape of your beloved master. By keeping it in your inventory, it slowly gathers maid power.",
    "price": "54 USD",
    "material": [ "cotton" ],
    "weight": "300 g",
    "volume": "750 ml",
    "flags": [ "NO_UNLOAD", "NO_RELOAD" ],
    "max_charges": 48,
    "initial_charges": 48,
    "relic_data": { "charge_info": { "regenerate_ammo": true, "recharge_type": "periodic", "time": "1 h" } }
  },
  {
    "type": "GENERIC",
    "category": "other",
    "id": "maid_bell",
    "name": { "str": "ceremony doll", "str_pl": "ceremony dolls" },
    "description": "This is a doll in the shape of your beloved master, but with an additional 'special attachment.' By using it in a certain (rather embarassing) type of private ritual, you can catalyze your powerful desires towards your beloved master into a usable type of energy.",
    "weight": "300 g",
    "symbol": "m",
    "color": "brown",
    "price": "54 USD",
    "material": [ "cotton" ],
    "volume": "750 ml"
  },
  {
    "id": "master_doll_vibe_off",
    "type": "TOOL",
    "category": "other",
    "symbol": "m",
    "color": "brown",
    "name": { "str": "master doll (vibrator) (off)" },
    "description": "This is a doll in the shape of your beloved master, but with an additional 'special attachment.' By using it in a certain (rather embarassing) type of private ritual, you can release an explosion of desire towards your beloved master and transform it into a usable type of energy.",
    "price": "54 USD",
    "material": [ "cotton", "plastic" ],
    "weight": "400 g",
    "volume": "750 ml",
    "flags": [ "NO_UNLOAD", "NO_RELOAD" ],
    "max_charges": 15,
    "initial_charges": 15,
    "use_action": [
      {
        "type": "transform",
        "msg": "You can no longer suppress your feelings and began to intimately press against your master's doll...",
        "target": "master_doll_vibe_on",
        "active": true,
        "need_charges": 0
      }
    ]
  },
  {
    "id": "master_doll_vibe_on",
    "type": "TOOL",
    "category": "other",
    "symbol": "m",
    "color": "brown",
    "name": { "str": "master doll (vibrator) (on)" },
    "description": "This is a doll in the shape of your beloved master, but with an additional 'special attachment.' By using it in a certain (rather embarassing) type of private ritual, you can release an explosion of desire towards your beloved master and transform it into a usable type of energy.",
    "price": "54 USD",
    "material": [ "cotton", "plastic" ],
    "weight": "400 g",
    "volume": "750 ml",
    "flags": [ "NO_UNLOAD", "NO_RELOAD" ],
    "max_charges": 16,
    "initial_charges": 16,
    "charges_per_use": 1,
    "revert_to": "master_doll_vibe_off",
    "use_action": [
      {
        "type": "transform",
        "msg": "Finally, after your body tightens up and you reach your limit, you collapse on the doll with a delighted and exhausted smile...",
        "target": "master_doll_vibe_off",
        "need_charges": 0
      },
      { "type": "cast_spell", "spell_id": "bmd_pleasure", "no_fail": true, "level": 1, "need_wielding": true }
    ],
    "relic_data": { "charge_info": { "recharge_type": "periodic", "time": "3 h", "regenerate_ammo": true } }
  },
  {
    "id": "summon_little_maid",
    "type": "TOOL",
    "category": "other",
    "symbol": "M",
    "color": "white",
    "name": { "str": "scroll (summon little maid)" },
    "description": "A set of scrolls and sacrifices used to summon a different kind of maid. Pour the sacrificial sugar in the middle of the magic circle and cast the correct spell.",
    "price": "600 USD",
    "material": [ "paper" ],
    "weight": "1200 g",
    "volume": "250 ml",
    "use_action": {
      "type": "place_monster",
      "monster_id": "mon_little_maid",
      "friendly_msg": "The sacrifical sugar melts at the apex of your casting and starts to spew out white smoke. As the sweet smell spreads around, you notice a shadowy figure about the size of a child standing in the magic circle. After the smoke completely dissipates, a small maid stands in the place of the shadowy figure, staring at you with curious eyes. 'Master?'",
      "place_randomly": true
    }
  },
  {
    "type": "GENERIC",
    "category": "other",
    "id": "mini_little_maid",
    "name": { "str": "little little maid", "str_pl": "little little maids" },
    "description": "An even smaller version of your little maid.",
    "weight": "150 g",
    "symbol": "m",
    "color": "white",
    "price": "50 USD",
    "material": [ "maid" ],
    "volume": "250 ml",
    "use_action": {
      "type": "delayed_transform",
      "transform_age": 7200,
      "not_ready_msg": "While standing still on the palm of your hand, she stares downwards and mutters 'Master...' in a barely audible voice.",
      "msg": "'Masteeer! Masteeeer!' The little maid taps your shoulder and points towards the ground, as if she wants to get off your shoulder. Put her on the ground when you're ready.",
      "moves": 0,
      "target": "res_little_maid"
    }
  },
  {
    "id": "res_little_maid",
    "type": "TOOL",
    "category": "other",
    "symbol": "m",
    "color": "white",
    "name": { "str": "revitalized little maid" },
    "description": "Your little maid seems to have made a complete recovery.",
    "price": "600 USD",
    "material": [ "maid" ],
    "weight": "1200 g",
    "volume": "250 ml",
    "use_action": {
      "type": "place_monster",
      "monster_id": "mon_little_maid",
      "friendly_msg": "The little maid jumps down to the ground and turns around, lightly lifting the hem of her skirt and giving you a bow. 'Master!' she says with a smile.",
      "place_randomly": true
    }
  },
  {
    "id": "recall_ration",
    "type": "GENERIC",
    "category": "other",
    "symbol": "!",
    "color": "white",
    "name": { "str": "scroll of recalling" },
    "description": "A mysterious scroll used to summon some kind of mystery meat and drinking water. It can be used multiple times.",
    "price": "600 USD",
    "material": [ "paper" ],
    "weight": "1200 g",
    "volume": "250 ml"
  },
  {
    "id": "maid_mess_kit",
    "sub": "hotplate",
    "type": "TOOL",
    "symbol": ";",
    "color": "brown",
    "name": { "str": "maid's cookware kit" },
    "description": "A set of secret maid cookware. By powering it with maid energy, you can create dishes filled with love.",
    "price": "20 USD",
    "material": [ "steel" ],
    "techniques": [ "BRUTAL", "WBLOCK_1" ],
    "flags": [ "DURABLE_MELEE" ],
    "weight": "1000 g",
    "volume": "1250 ml",
    "melee_damage": {
    "bash": 22,
    "stab": 4
    },
    "to_hit": 1,
    "pocket_data": [ { "pocket_type": "MAGAZINE", "ammo_restriction": { "maid_point": 400 } } ],
    "charges_per_use": 1,
    "ammo": [ "maid_point" ],
    "qualities": [ [ "COOK", 3 ], [ "BOIL", 2 ], [ "CONTAIN", 1 ], [ "CHEM", 1 ], [ "CUT", 1 ], [ "BUTCHER", 20 ] ],
    "use_action": "HOTPLATE"
  },
  {
    "id": "little_maid_R18",
    "type": "TOOL",
    "category": "other",
    "symbol": "m",
    "color": "white",
    "name": { "str": "little maid pet" },
    "description": "A summoned little maid. She looks and wanders around while holding onto the hem of your clothes tightly. She's afraid of fighting.",
    "price": "600 USD",
    "material": [ "maid" ],
    "weight": "34000 g",
    "volume": "10 L"
  },
  {
    "type": "GENERIC",
    "category": "other",
    "id": "little_maid_meat_smoked",
    "name": { "str": "little maid pet (smoking meat)", "str_pl": "little maid pet (smoking meat)" },
    "description": "Your little maid is in the process of smoking meat. She seems to be having fun.",
    "weight": "34000 g",
    "symbol": "m",
    "color": "white",
    "price": "600 USD",
    "material": [ "maid" ],
    "volume": "10 L",
    "use_action": {
      "type": "delayed_transform",
      "transform_age": 1200,
      "not_ready_msg": "The little maid tastes the smoking meat and shakes her head a little.",
      "msg": "'Master! Master!' It seems like your little maid has finished smoking the meat. It smells quite nice. Disassemble to recover the finished product.",
      "moves": 0,
      "target": "little_maid_meat_smoked_fin"
    }
  },
  {
    "type": "GENERIC",
    "category": "other",
    "id": "little_maid_meat_smoked_fin",
    "name": { "str": "little maid pet (finished smoking meat)", "str_pl": "little maid pet (finished smoking meat)" },
    "description": "It seems like your little maid has finished smoking the meat. It smells quite nice. Disassemble to recover the finished product.",
    "weight": "34000 g",
    "symbol": "m",
    "color": "white",
    "price": "600 USD",
    "material": [ "maid" ],
    "volume": "10 L"
  },
  {
    "type": "GENERIC",
    "category": "other",
    "id": "little_maid_human_smoked",
    "name": { "str": "little maid pet (smoking human flesh)", "str_pl": "little maid pet (smoking human flesh)" },
    "description": "Your little maid is in the process of smoking meat. She seems to be having fun.",
    "weight": "34000 g",
    "symbol": "m",
    "color": "white",
    "price": "600 USD",
    "material": [ "maid" ],
    "volume": "10 L",
    "use_action": {
      "type": "delayed_transform",
      "transform_age": 1200,
      "not_ready_msg": "The little maid tastes the smoking meat and shakes her head a little. Don't tell her what kind of meat it is.",
      "msg": "'Master! Master!' It seems like your little maid has finished smoking the meat. It smells quite nice. Disassemble to recover the finished product.",
      "moves": 0,
      "target": "little_maid_human_smoked_fin"
    }
  },
  {
    "type": "GENERIC",
    "category": "other",
    "id": "little_maid_human_smoked_fin",
    "name": { "str": "little maid pet (finished smoking human flesh)", "str_pl": "little maid pet (finished smoking human flesh)" },
    "description": "It seems like your little maid has finished smoking the meat. It smells quite nice. Disassemble to recover the finished product.",
    "weight": "34000 g",
    "symbol": "m",
    "color": "white",
    "price": "600 USD",
    "material": [ "maid" ],
    "volume": "10 L"
  },
  {
    "type": "GENERIC",
    "category": "other",
    "id": "little_maid_fish_smoked",
    "name": { "str": "little maid pet (smoking fish)", "str_pl": "little maid pet (smoking fish)" },
    "description": "Your little maid is in the process of smoking fish. She seems to be having fun.",
    "weight": "34000 g",
    "symbol": "m",
    "color": "white",
    "price": "600 USD",
    "material": [ "maid" ],
    "volume": "10 L",
    "use_action": {
      "type": "delayed_transform",
      "transform_age": 1200,
      "not_ready_msg": "The little maid tastes the smoking fish and shakes her head a little.",
      "msg": "'Master! Master!' It seems like your little maid has finished smoking the fish. It smells quite nice. Disassemble to recover the finished product.",
      "moves": 0,
      "target": "little_maid_fish_smoked_fin"
    }
  },
  {
    "type": "GENERIC",
    "category": "other",
    "id": "little_maid_fish_smoked_fin",
    "name": { "str": "little maid pet (finished smoking fish)", "str_pl": "little maid pet (finished smoking fish)" },
    "description": "It seems like your little maid has finished smoking the fish. It smells quite nice. Disassemble to recover the finished product.",
    "weight": "34000 g",
    "symbol": "m",
    "color": "white",
    "price": "600 USD",
    "material": [ "maid" ],
    "volume": "10 L"
  },
  {
    "id": "summon_alchemic_golem",
    "type": "TOOL",
    "category": "other",
    "symbol": "g",
    "color": "red",
    "name": { "str": "alchemic flesh golem (cooked)" },
    "description": "A large living mass of meat made alive by the means of alchemy. The twisted, distorted meat lump has a mouth-like organ like that of a human, where it constantly spews poisonous gas and acidic bodily fluids from, while making unpleasant sounds.",
    "price": "600 USD",
    "material": [ "flesh" ],
    "weight": "1000 g",
    "volume": "250 ml",
    "use_action": {
      "type": "place_monster",
      "monster_id": "mon_alchemic_golem",
      "friendly_msg": "I have unleashed a disgusting monster...",
      "place_randomly": true
    }
  }
]
