[
  {
    "type": "uncraft",
    "activity_level": "NO_EXERCISE",
    "result": "little_maid_meat_smoked_fin",
    "difficulty": 0,
    "time": "0 m",
    "autolearn": false,
    "components": [ [ [ "little_maid_R18", 1 ] ], [ [ "meat_smoked", 3 ] ] ]
  },
  {
    "type": "uncraft",
    "activity_level": "NO_EXERCISE",
    "result": "little_maid_fish_smoked_fin",
    "difficulty": 0,
    "time": "0 m",
    "autolearn": false,
    "components": [ [ [ "little_maid_R18", 1 ] ], [ [ "fish_smoked", 6 ] ] ]
  },
  {
    "type": "uncraft",
    "activity_level": "NO_EXERCISE",
    "result": "little_maid_human_smoked_fin",
    "difficulty": 0,
    "time": "0 m",
    "autolearn": false,
    "components": [ [ [ "little_maid_R18", 1 ] ], [ [ "meat_smoked", 3 ] ] ]
  }
]
