[
  {
    "type": "speech",
    "speaker": "mon_shoggoth_maid",
    "sound": "\"Tekeli-li!\"",
    "volume": 10
  },
  {
    "type": "speech",
    "speaker": "mon_shoggoth_maid",
    "sound": "\"Tekeli-li! Tekeli-li!\"",
    "volume": 10
  },
  {
    "type": "speech",
    "speaker": "mon_shoggoth_maid",
    "sound": "\"Tekeli-li?\"",
    "volume": 10
  },
  {
    "type": "speech",
    "speaker": "mon_shoggoth_maid",
    "sound": "\"Tekeli, tekeli-li! Tekeli, tekeli-li! We'll have a lot of fun when you feel better!\"",
    "volume": 10
  },
  {
    "type": "speech",
    "speaker": "mon_shoggoth_maid",
    "sound": "\"Master! A-ah, my master's thing... tekeli-li! Kya!\"",
    "volume": 10
  },
  {
    "type": "speech",
    "speaker": "mon_shoggoth_maid",
    "sound": "\"I am a maid♪ Your maid♪ Cleaning, washing, cooking... why didn't you let me continue?\"",
    "volume": 10
  },
  {
    "type": "speech",
    "speaker": "mon_shoggoth_maid",
    "sound": "\"I will continue talking as much as master desires! I will continue talking even if you don't want me to!\"",
    "volume": 10
  },
  {
    "type": "speech",
    "speaker": "mon_shoggoth_maid",
    "sound": "\"We'll have as many babies as master wants♪\"",
    "volume": 10
  },
  {
    "type": "speech",
    "speaker": "mon_shoggoth_maid",
    "sound": "\"Master! Master! Are you going to play with the mi-gos?\"",
    "volume": 10
  },
  {
    "type": "speech",
    "speaker": "mon_shoggoth_maid",
    "sound": "\"This feeling of chasing down mi-gos is becoming addictive...♪\"",
    "volume": 10
  },
  {
    "type": "speech",
    "speaker": "mon_shoggoth_maid",
    "sound": "\"I learned that this form of human is the most suitable for service work! How is it? Why do you say it's inferior to my previous form?\"",
    "volume": 10
  },
  {
    "type": "speech",
    "speaker": "mon_shoggoth_maid",
    "sound": "\"Blobs, Triffids, Mycus... they are too diffcult for humans to counter. So... let's make a child to fight against them! She'll be as strong as a thousand humans!\"",
    "volume": 10
  },
  {
    "type": "speech",
    "speaker": "mon_shoggoth_maid",
    "sound": "\"Master gave me my first death. Please allow me to give many things their first death.\"",
    "volume": 10
  },
  {
    "type": "speech",
    "speaker": "mon_shoggoth_maid",
    "sound": "\"Master master master master master master master master master master master master master master master master master master master master master master master master master master master master master master master...\"",
    "volume": 10
  },
  {
    "type": "speech",
    "speaker": "mon_shoggoth_maid",
    "sound": "\"Don't worry, I'm not wearing anything under♪\"",
    "volume": 10
  },
  {
    "type": "speech",
    "speaker": "mon_shoggoth_maid",
    "sound": "\"The past cannot be changed. The future may be dark, but I have my master by my side. So, please... please... don't leave me alone.\"",
    "volume": 10
  },
  {
    "type": "speech",
    "speaker": "mon_shoggoth_maid",
    "sound": "\"Those who try to take my master away will turn into minchi!♪\"",
    "volume": 10
  },
  {
    "type": "speech",
    "speaker": "mon_shoggoth_maid",
    "sound": "\"What was his name again? Cthulhu?\"",
    "volume": 10
  },
  {
    "type": "speech",
    "speaker": "mon_shoggoth_maid",
    "sound": "\"Master, are you a lolicon? Or do you like big breasts? If you tell me, I can become more to your liking!♪\"",
    "volume": 10
  },
  {
    "type": "speech",
    "speaker": "mon_shoggoth_maid",
    "sound": "\"If you have a pet carrier, you can store me in it. I am a pet... your pet, master♪\"",
    "volume": 10
  },
  {
    "type": "speech",
    "speaker": "mon_shoggoth_maid",
    "sound": "\"I can also make furniture and food with my body! ...You don't want any? Oh...\"",
    "volume": 10
  },
  {
    "type": "speech",
    "speaker": "mon_shoggoth_maid",
    "sound": "\"I dream about Adam and Eve a lot! Let's rebuild humanity with our children, master!\"",
    "volume": 10
  },
  {
    "type": "speech",
    "speaker": "mon_shoggoth_maid",
    "sound": "\"Please let me know if you need a bath. I can wrap you up in my body and clean everything from sweat to dirt and make you smell good♪\"",
    "volume": 10
  },
  {
    "type": "speech",
    "speaker": "mon_shoggoth_maid",
    "sound": "\"Master, have you come across any albino penguins? I know them well, because they are my colleagues. Try not to bother them too much. ...Also, their meat doesn't taste too good.\"",
    "volume": 10
  },
  {
    "type": "speech",
    "speaker": "mon_shoggoth_maid",
    "sound": "\"You've worked really hard! As a reward, I will take you out on a date...\"",
    "volume": 10
  },
  {
    "type": "speech",
    "speaker": "mon_shoggoth_maid",
    "sound": "\"Please pass me your dirty clothes. I will keep them clean and beautiful♪\"",
    "volume": 10
  },
  {
    "type": "speech",
    "speaker": "mon_shoggoth_maid",
    "sound": "\"Is it okay for me to die? Yeah, right!♪ Ah, I will fully recover even from the most mortal wounds. Truly, you'd have to kill me down to the molecular level for me to die... That's why you don't have to be worried about me, master♪\"",
    "volume": 10
  },
  {
    "type": "speech",
    "speaker": "mon_shoggoth_maid",
    "sound": "\"Is it okay to love a shoggoth? Ah, I don't mind the race difference at all! I will always be by my master's side♪\"",
    "volume": 10
  },
  {
    "type": "speech",
    "speaker": "mon_shoggoth_maid",
    "sound": "\"When I first met master, I thought I had no other choice than to follow this person. I wonder if this is love at first sight? What?\"",
    "volume": 10
  },
  {
    "type": "speech",
    "speaker": "mon_shoggoth_maid",
    "sound": "\"Tekeli-li~♪ Hello, master♪\"",
    "volume": 10
  },
  {
    "type": "speech",
    "speaker": "mon_shoggoth_maid",
    "sound": "\"My kind is known to be violent, isn't that right? But you don't have to worry about me. I am a slave to my master's love♪\"",
    "volume": 10
  },
  {
    "type": "speech",
    "speaker": "mon_shoggoth_maid",
    "sound": "\"I'm sorry, master, but... I want to lick it♪\"",
    "volume": 10
  },
  {
    "type": "speech",
    "speaker": "mon_shoggoth_maid",
    "sound": "\"Master, cheating is not okay. Just me, alright?\"",
    "volume": 10
  },
  {
    "type": "speech",
    "speaker": "mon_shoggoth_maid",
    "sound": "\"Why am I in human form? Well, that's how I can talk to my master, to be able to walk hand in hand with my master and have a body for my master to... nevermind!\"",
    "volume": 10
  },
  {
    "type": "speech",
    "speaker": "mon_shoggoth_maid",
    "sound": "\"Acid can be negated if you are in a boardable vehicle. Oh, me? Don't worry about me. I'm acidproof♪\"",
    "volume": 10
  },
  {
    "type": "speech",
    "speaker": "mon_shoggoth_maid",
    "sound": "\"The lingering lightning after an electric shock reaches only one square around! So if you wield a spear and a use a suitable martial art, you can dodge it all! ...I have no idea what I just said.\"",
    "volume": 10
  },
  {
    "type": "speech",
    "speaker": "mon_shoggoth_maid",
    "sound": "\"Do you want to lay your head on my lap? It would make me comfortable, too♪\"",
    "volume": 10
  },
  {
    "type": "speech",
    "speaker": "mon_shoggoth_maid",
    "sound": "\"Please use me! Why don't you want to use me? Please use me! Use me!\"",
    "volume": 10
  },
  {
    "type": "speech",
    "speaker": "mon_shoggoth_maid",
    "sound": "\"Master! Do you want to hold hands?\"",
    "volume": 10
  },
  {
    "type": "speech",
    "speaker": "mon_shoggoth_maid",
    "sound": "\"It's okay if master gets tied up! That way I can stay by your side as long as I want... Ufufu...\"",
    "volume": 10
  },
  {
    "type": "speech",
    "speaker": "mon_shoggoth_maid",
    "sound": "\"No matter the weather, my heart beats on if I'm with my master♪\"",
    "volume": 10
  },
  {
    "type": "speech",
    "speaker": "mon_shoggoth_maid",
    "sound": "\"Please use me as a shield in an emergency. I want to be useful and not be like the other shoggoths.\"",
    "volume": 10
  },
  {
    "type": "speech",
    "speaker": "mon_shoggoth_maid",
    "sound": "\"How many children do I want? As many as my master wishes... I will do my best!\"",
    "volume": 10
  },
  {
    "type": "speech",
    "speaker": "mon_shoggoth_maid",
    "sound": "\"Master's smell... it's intoxicating... haa, master...♪\"",
    "volume": 10
  },
  {
    "type": "speech",
    "speaker": "mon_shoggoth_maid",
    "sound": "\"All my clothes and so on are made of my cells! It's okay if you touch me more♪\"",
    "volume": 10
  },
  {
    "type": "speech",
    "speaker": "mon_shoggoth_maid",
    "sound": "\"Armored zombies are tough against random attacks, but if you're a good trapper, you can penetrate and damage even the strongest armors! Destroying knees with traps is the future!\"",
    "volume": 10
  },
  {
    "type": "speech",
    "speaker": "mon_little_maid",
    "sound": "\"Master\"",
    "volume": 10
  },
  {
    "type": "speech",
    "speaker": "mon_little_maid",
    "sound": "\"Master~\"",
    "volume": 10
  },
  {
    "type": "speech",
    "speaker": "mon_little_maid",
    "sound": "\"Mashterr\"",
    "volume": 10
  },
  {
    "type": "speech",
    "speaker": "mon_little_maid",
    "sound": "\"Master~~\"",
    "volume": 10
  },
  {
    "type": "speech",
    "speaker": "mon_little_maid",
    "sound": "\"Master!\"",
    "volume": 10
  },
  {
    "type": "speech",
    "speaker": "mon_little_maid",
    "sound": "\"Master?\"",
    "volume": 10
  },
  {
    "type": "speech",
    "speaker": "mon_little_maid",
    "sound": "\"Master♪\"",
    "volume": 10
  },
  {
    "type": "speech",
    "speaker": "mon_little_maid",
    "sound": "\"Master!♪\"",
    "volume": 10
  },
  {
    "type": "speech",
    "speaker": "mon_little_maid",
    "sound": "\"Master...\"",
    "volume": 10
  },
  {
    "type": "speech",
    "speaker": "mon_little_maid",
    "sound": "\"Master...♪\"",
    "volume": 10
  }
]
