[
{
    "type": "effect_type",
    "id": "mutagen_maid",
    "name": [ "maid Mutation", "maid Transformation", "maid Metamorphosis" ],
    "desc": [
      "You consumed maid primer."
    ],
    "max_intensity": 3,
    "resist_traits": [ "THRESH_SHOGGOTH" ],
    "base_mods": {
      "hurt_min": [ 1 ],
      "hurt_max": [ 2 ],
      "hurt_chance": [ -22 ],
      "hurt_tick": [ 150 ],
      "pain_min": [ 1 ],
      "pain_max": [ 2 ],
      "pain_chance": [ 60 ],
      "pain_tick": [ 75 ]
    },
    "scaling_mods": {
      "str_mod": [ 1.5 ],
      "dex_mod": [ 2.5 ],
      "int_mod": [ 1 ],
      "speed_mod": [ 3.5 ],
      "hurt_chance": [ 21, 0 ],
      "pain_chance": [ -15 ]
    },
    "rating": "bad",
    "blood_analysis_description": "unknow primer"
  },
  {
    "type": "effect_type",
    "id": "mutagen_milk_maid",
    "name": [ "milk maid Mutation", "milk maid Transformation", "milk maid Metamorphosis" ],
    "desc": [
      "You consumed milk maid."
    ],
    "max_intensity": 3,
    "resist_traits": [ "THRESH_MILK" ],
    "base_mods": {
      "hurt_min": [ 1 ],
      "hurt_max": [ 2 ],
      "hurt_chance": [ -22 ],
      "hurt_tick": [ 150 ],
      "pain_min": [ 1 ],
      "pain_max": [ 2 ],
      "pain_chance": [ 60 ],
      "pain_tick": [ 75 ]
    },
    "scaling_mods": {
      "str_mod": [ 1.5 ],
      "dex_mod": [ 2.5 ],
      "int_mod": [ 1 ],
      "speed_mod": [ 3.5 ],
      "hurt_chance": [ 21, 0 ],
      "pain_chance": [ -15 ]
    },
    "rating": "bad",
    "blood_analysis_description": "unknow primer"
  }
]
