[
 {
    "id": "mutagen_maid",
    "type": "vitamin",
    "vit_type": "counter",
    "name": { "str": "maid Primer" },
    "excess": "mutagen_maid",
    "min": 0,
    "max": 2500,
    "rate": "1 h",
    "disease_excess": [ [ 100, 500 ], [ 501, 2199 ], [ 2200, 2500 ] ]
  },
  {
    "id": "mutagen_milk_maid",
    "type": "vitamin",
    "vit_type": "counter",
    "name": { "str": "maid Primer" },
    "excess": "mutagen_milk_maid",
    "min": 0,
    "max": 2500,
    "rate": "1 h",
    "disease_excess": [ [ 100, 500 ], [ 501, 2199 ], [ 2200, 2500 ] ]
  }
]
