[
  {
    "type": "mutation_category",
    "id": "MILK",
    "name": "Milk Maid",
    "threshold_mut": "THRESH_MIlK",
    "mutagen_message": "You feel an urge to moo.",
    "memorial_message": "Found greener pastures.",
    "vitamin": "mutagen_milk_maid",
    "base_removal_chance": 33,
    "base_removal_cost_mul": 2.5
  },
  {
    "type": "mutation_category",
    "id": "MAID",
    "threshold_mut": "THRESH_MAID",
    "name": "Maid",
    "mutagen_message": "You body began to burn hotly for a master-slave relationship.",
    "memorial_message": "I want to serve more. ......",
    "vitamin": "mutagen_maid",
    "base_removal_chance": 33,
    "base_removal_cost_mul": 2.5
  }
]
