[
  {
    "type": "mutation",
    "id": "MAID_BUFF_OK",
    "name": { "str": "Polymorphic Structure" },
    "points": 5,
	"visibility": 10,
    "ugliness": 10,
	"purifiable": false,
    "description": "Muscle, chitin, and bone splinter and mend into the optimal shape for the task at hand.  Dexterity + 2, Strength + 4",
    "prereqs": [ "MAID_BUFF" ],
    "threshreq": ["THRESH_MAID"],
    "category": [ "MAID" ],
    "enchantments": [
    {
      "values": [
        {
          "value": "STRENGTH",
          "add": 1
        },
        {
          "value": "DEXTERITY",
          "add": 1
        }
        
      ]
      }
    ]
  },
  {
    "type": "mutation",
    "id": "MAID_BUFF",
    "name": { "str": "Unstable Structure" },
    "points": 4,
	"visibility": 10,
    "ugliness": 10,
    "description": "Your skeletal structure spontaneously shifts into alien forms. This will take some getting used to. Dexterity -4",
    "category": [ "MAID" ],
	"changes_to": ["MAID_BUFF_OK"],
   "enchantments": [
    {
      "values": [
        {
          "value": "DEXTERITY",
          "add": -4
        }
        
      ]
     }
     ]
  },
  {
    "type": "mutation",
    "id": "MAID_BODY",
    "name": { "str": "Unbound Flesh" },
    "points": -20,
    "visibility": 10,
    "ugliness": 10,
	"mixed_effect": true,
    "description": "Your twisted, crackling flesh roils with new vigor. External damage pales in comparison to the chaotic knitting and reknitting taking place just beneath the surface.\n\nGain +4 cut armor, reduced move cost, and improved healing",
    "purifiable": false,
    "threshreq": [ "THRESH_MAID" ],
    "category": [ "MAID" ],
	"prereqs": [ "MAID_BODY_LOW" ],
    "armor": [
      {
        "parts": [ "torso", "head", "arm_l", "arm_r", "hand_l", "hand_r", "leg_l", "leg_r", "foot_l", "foot_r", "mouth", "eyes" ],
        "cut": 4
      }
    ],
 "enchantments": [
    {
      "values": [
        {
          "value": "MENDING_MODIFIER",
          "multiply": 15
        },
        {
          "value": "REGEN_HP",
          "multiply": 1.5
        },
        {
          "value": "REGEN_HP_AWAKE",
          "multiply": 0.8
        },
        {
          "value": "MOVE_COST",
          "multiply": -0.20
        }
      ]
    }
  ]
  },
  {
    "type": "mutation",
    "id": "MAID_BODY_LOW",
    "name": { "str": "twisted Flesh" },
    "points": -20,
    "visibility": 10,
    "ugliness": 10,
	"mixed_effect": true,
    "description": "Your flesh has become strangely twisted",
    "purifiable": false,
    "category": [ "MAID" ],
	"changes_to": ["MAID_BODY"]
  },
  {
    "type": "mutation",
    "id": "SHUFFLING_HORROR",
    "name": { "str": "Shuffling Horror" },
    "points": 6,
    "visibility": 10,
    "ugliness": 20,
    "mixed_effect": true,
	"purifiable": false,
    "description": "Your limbs are a nightmare of splintered bone, gaping maws, and jagged fangs. You can make devastating bonus attacks, but basically everyone will attempt to kill you on sight. Also prevents wearing gloves and shoes, though you wish you could.",
    "prereqs": [ "MAID_BUFF_OK" ],
    "threshreq": [ "THRESH_MAID" ],
    "category": [ "MAID" ],
    "restricts_gear": [ "hand_r", "hand_l", "foot_l", "foot_r" ],
    "destroys_gear": true,
    "social_modifiers": { "intimidate": -30, "persuade": -50 },
    "attacks": {
      "attack_text_u": "You rend %s with nightmare made flesh",
      "attack_text_npc": "%1$s tears into %2$s with their monstrous limbs",
      "chance": 20,
      "base_damage": { "damage_type": "stab", "amount": 25 },
      "strength_damage": { "damage_type": "cut", "amount": 2 }
    }
  },
  
  {
    "type": "mutation",
    "id": "THRESH_MAID",
    "name": { "str": "Tekeli-li?" },
    "points": 1,
    "description": "Tekeli-li.",
    "valid": false,
    "purifiable": false,
    "threshold": true
  },
  {
    "type": "mutation",
    "id": "THRESH_MIlK",
    "name": { "str": "Milk Maid" },
    "points": 1,
    "description": "This maid's body has been altered to produce large amounts of useful fluids.",
    "valid": false,
    "purifiable": false,
    "threshold": true
  },
  {
    "type": "mutation",
    "id": "MAID_PRECURSOR",
    "name": { "str": "Eldritch Precursor" },
    "points": 0,
    "description": "Something feels off. Your brain itches, and you swear you can feel your bones twitching.",
	"visibility": 0,
    "ugliness": 0,
	"category": [ "MAID"],
    "purifiable": false
  },
  {
	"type": "mutation",
    "id": "MILK_PRECURSOR",
    "category": [ "MILK"],
    "purifiable": false,
    "name": { "str": "Milk Maid's Adoration" },
    "points": 0,
    "description": "Master is a good person. They make me feel warm and fuzzy inside.",
	"visibility": 0,
    "ugliness": 0,
	"mixed_effect": true,
	"enchantments": [
    {
      "values": [
        {
          "value": "PERCEPTION",
          "add": -2
        },
        {
          "value": "INTELLIGENCE",
          "add": -4
        }
        
      ]
     }
     ]
  },
  {
	"type": "mutation",
    "id": "BOUNTIFUL",
    "name": { "str": "Bountiful Milk" },
    "points": 0,
    "description": "You may not be pregnant, but sweet milk flows forth nonetheless. The sheer size of your breasts can be difficult to manage, however.",
	"visibility": 10,
    "ugliness": -10,
	"category": [ "MILK" ],
	"mixed_effect": true,
    "purifiable": true,
   "encumbrance_always": [ [ "torso", 30 ] ],
	"enchantments": [
    {
      "values": [
        {
          "value": "DEXTERITY",
          "add": -4
        },
        {
          "value": "MOVE_COST",
          "multiply": -0.10
        }
        
      ]
     }
     ]
  },
  {
    "type": "effect_type",
    "id": "maid_milked",
    "name": [ "Recently Milked" ],
    "desc": [ "Your maid stumbles around with a blissful expression. Best give them some time to recharge.\n\nNPC only trait - if you have this something went wrong." ]
  }
]
