[
  {
    "type": "mutation",
    "id": "MARTIAL_ARTS_maid",
    "name": { "str": "Servant's fighting technique" },
    "points": 3,
    "description": "Your master was more hated than most, forcing you to learn some unorthodox combat techniques.",
    "starting_trait": true,
    "initial_ma_styles": [ "style_maid" ],
    "valid": false
  },
  {
    "type": "mutation",
    "id": "PROF_MA_MAID",
    "name": { "str": "Servant's fighting technique" },
    "points": 0,
    "description": "Your master was more hated than most, forcing you to learn some unorthodox combat techniques.",
    "initial_ma_styles": [ "style_maid" ],
    "valid": false,
    "purifiable": false,
    "profession": true
  },
  {
    "type": "mutation",
    "id": "PROF_NEKOMIMI",
    "name": { "str": "Nekomimi" },
    "points": 0,
    "description": "You have grown features resembling those of a catgirl.",
	"visibility": 10,
    "ugliness": -5,
    "valid": false,
    "purifiable": false,
    "profession": true
  },
  {
    "type": "mutation",
    "id": "MAID_RESTRICT",
    "name": { "str": "Summoned Maid" },
    "points": 0,
    "description": "Summoned maids cannot use items. NPC only trait - if you have this, something went wrong.",
    "valid": false,
    "purifiable": false,
    "profession": true
  },
  {
    "type": "mutation",
    "id": "MAID_BODY_NPC",
    "name": { "str": "Eldritch Doppelgänger" },
    "points": -2,
    "visibility": 10,
    "ugliness": 10,
	"mixed_effect": true,
    "description": "Alien flesh and bone inhabits a human frame. This fell abomination once was, and still is, an eldritch being beyond our understanding.\n\nNPC version of Unbound Flesh, approx. 3x as strong.",
    "purifiable": false,
	"valid": false,
    "threshreq": [ "THRESH_MAID" ],
    "armor": [
      {
        "parts": [ "torso", "head", "arm_l", "arm_r", "hand_l", "hand_r", "leg_l", "leg_r", "foot_l", "foot_r", "mouth", "eyes" ],
        "cut": 12,
		"bash": 8
      }
    ],
    "enchantments": [
    {
   
         "values": [
        {
          "value": "MENDING_MODIFIER",
          "multiply": 15
        },
        {
          "value": "REGEN_HP",
          "multiply": 1.5
        },
        {
          "value": "REGEN_HP_AWAKE",
          "multiply": 0.8
        },
        {
          "value": "MOVE_COST",
          "multiply": -0.20
        }
      ]
    }
  ]
  },
  {
    "type": "mutation",
    "id": "STYLISH",
    "name": { "str": "Stylish" },
    "points": 1,
    "description": "Practicality is far less important than style.  Your morale is improved by wearing fashionable and attractive clothing.",
    "starting_trait": true,
    "valid": false
  }
]
