[
  {
    "type": "mod_tileset",
    "compatibility": [
      "Chibi_Ultica",
      "UltimateCataclysm",
      "MshockXottoplus",
      "UNDEAD_PEOPLE",
      "UNDEAD_PEOPLE_BASE",
      "UNDEAD_PEOPLE_LEGACY",
      "UlticaShell",
      "MshockXottoplus12",
      "MSX++DEAD_PEOPLE",
      "MXplus12_for_cosmetics",
      "MSXotto+"
    ],
    "tiles-new": [
      {
        "file": "tileset/Battle_Maid_Redux_normal.png",
        "tiles": [
          { "id": "assassins_throwing_dagger", "fg": 1, "rotates": false },
          { "id": "overlay_wielded_assassins_throwing_dagger", "fg": 1, "rotates": false },
          { "id": "blob_gohan", "fg": 2, "rotates": false },
          { "id": "overlay_wielded_blob_gohan", "fg": 2, "rotates": false },
          { "id": "destruction_otama", "fg": 3, "rotates": false },
          { "id": "overlay_wielded_destruction_otama", "fg": 4, "rotates": false },
          { "id": "maid_point", "fg": 5, "rotates": false },
          { "id": "overlay_wielded_maid_point", "fg": 5, "rotates": false },
          { "id": "makeshift_throwing_knife", "fg": 6, "rotates": false },
          { "id": "overlay_wielded_makeshift_throwing_knife", "fg": 6, "rotates": false },
          { "id": "otama_act", "fg": 7, "rotates": false },
          { "id": "overlay_wielded_otama_act", "fg": 8, "rotates": false },
          { "id": "cat_maid_cap", "fg": 9, "rotates": false },
          { "id": "overlay_wielded_cat_maid_cap", "fg": 9, "rotates": false },
          { "id": "jokyu_fuku", "fg": 10, "rotates": false },
          { "id": "overlay_wielded_jokyu_fuku", "fg": 10, "rotates": false },
          { "id": "overlay_worn_jokyu_fuku", "fg": 11, "rotates": false },
          { "id": "maid_cap", "fg": 12, "rotates": false },
          { "id": "overlay_wielded_maid_cap", "fg": 12, "rotates": false },
          { "id": "maid_dress", "fg": 13, "rotates": false },
          { "id": "overlay_wielded_maid_dress", "fg": 13, "rotates": false },
          { "id": "overlay_worn_maid_dress", "fg": 14, "rotates": false },
          { "id": "maid_dress_french", "fg": 15, "rotates": false },
          { "id": "overlay_wielded_maid_dress_french", "fg": 15, "rotates": false },
          { "id": "overlay_worn_maid_dress_french", "fg": 16, "rotates": false },
          { "id": "overlay_wielded_petticoat", "fg": 17, "rotates": false },
          { "id": "petticoat", "fg": 17, "rotates": false },
          { "id": "overlay_wielded_survivor_maid_dress", "fg": 18, "rotates": false },
          { "id": "survivor_maid_dress", "fg": 18, "rotates": false },
          { "id": "overlay_worn_survivor_maid_dress", "fg": 19, "rotates": false },
          { "id": "overlay_wielded_tux", "fg": 20, "rotates": false },
          { "id": "tux", "fg": 20, "bg": 23, "rotates": false },
          { "id": "overlay_worn_tux", "fg": 21, "rotates": false },
          { "id": "bg_book_maid", "fg": 22, "rotates": false },
          { "id": "bg_shadow_item", "fg": 23, "rotates": false },
          { "id": "bg_shadow_normal", "fg": 24, "rotates": false },
          { "id": "book_shoggoth", "fg": 25, "bg": 22, "rotates": false },
          { "id": "overlay_wielded_book_shoggoth", "fg": 25, "rotates": false },
          { "id": "little_maid_R18_milk", "fg": 26, "rotates": false },
          { "id": "overlay_wielded_little_maid_R18_milk", "fg": 26, "rotates": false },
          { "id": "little_maid_R18_milk2", "fg": 27, "rotates": false },
          { "id": "overlay_wielded_little_maid_R18_milk2", "fg": 27, "rotates": false },
          { "id": "little_maid_R18_tane", "fg": 28, "rotates": false },
          { "id": "overlay_wielded_little_maid_R18_tane", "fg": 28, "rotates": false },
          { "id": "milk", "fg": 29, "rotates": false },
          { "id": "overlay_wielded_milk", "fg": 29, "rotates": false },
          { "id": "mon_alchemic_golem", "fg": 30, "bg": 24, "rotates": false },
          { "id": "mon_little_maid", "fg": 31, "rotates": false },
          { "id": "mon_shoggoth_maid", "fg": 32, "rotates": false },
          { "id": "flask_shoggoth", "fg": 33, "rotates": false },
          { "id": "overlay_wielded_flask_shoggoth", "fg": 33, "rotates": false },
          { "id": "little_maid_fish_smoked", "fg": 34, "rotates": false },
          { "id": "overlay_wielded_little_maid_fish_smoked", "fg": 34, "rotates": false },
          { "id": "little_maid_fish_smoked_fin", "fg": 35, "rotates": false },
          { "id": "overlay_wielded_little_maid_fish_smoked_fin", "fg": 35, "rotates": false },
          { "id": "little_maid_human_smoked", "fg": 36, "rotates": false },
          { "id": "overlay_wielded_little_maid_human_smoked", "fg": 36, "rotates": false },
          { "id": "little_maid_human_smoked_fin", "fg": 37, "rotates": false },
          { "id": "overlay_wielded_little_maid_human_smoked_fin", "fg": 37, "rotates": false },
          { "id": "little_maid_meat_smoked", "fg": 38, "rotates": false },
          { "id": "overlay_wielded_little_maid_meat_smoked", "fg": 38, "rotates": false },
          { "id": "little_maid_meat_smoked_fin", "fg": 39, "rotates": false },
          { "id": "overlay_wielded_little_maid_meat_smoked_fin", "fg": 39, "rotates": false },
          { "id": "little_maid_R18", "fg": 40, "rotates": false },
          { "id": "overlay_wielded_little_maid_R18", "fg": 40, "rotates": false },
          { "id": "maid_bell", "fg": 41, "rotates": false },
          { "id": "overlay_wielded_maid_bell", "fg": 41, "rotates": false },
          { "id": "maid_master_child", "fg": 42, "bg": 24, "rotates": false },
          { "id": "overlay_wielded_maid_master_child", "fg": 42, "rotates": false },
          { "id": "maid_mess_kit", "fg": 43, "rotates": false },
          { "id": "overlay_wielded_maid_mess_kit", "fg": 43, "rotates": false },
          { "id": "master_doll", "fg": 44, "rotates": false },
          { "id": "overlay_wielded_master_doll", "fg": 44, "rotates": false },
          { "id": "master_doll_vibe_off", "fg": 45, "rotates": false },
          { "id": "overlay_wielded_master_doll_vibe_off", "fg": 45, "rotates": false },
          { "id": "master_doll_vibe_on", "fg": 46, "rotates": false },
          { "id": "overlay_wielded_master_doll_vibe_on", "fg": 46, "rotates": false },
          { "id": "meat_shoggoth", "fg": 47, "rotates": false },
          { "id": "overlay_wielded_meat_shoggoth", "fg": 47, "rotates": false },
          { "id": "mini_little_maid", "fg": 48, "rotates": false },
          { "id": "overlay_wielded_mini_little_maid", "fg": 48, "rotates": false },
          { "id": "mini_shoggoth", "fg": 49, "rotates": false },
          { "id": "overlay_wielded_mini_shoggoth", "fg": 49, "rotates": false },
          { "id": "overlay_wielded_recall_ration", "fg": 50, "rotates": false },
          { "id": "recall_ration", "fg": 50, "rotates": false },
          { "id": "overlay_wielded_res_little_maid", "fg": 51, "rotates": false },
          { "id": "res_little_maid", "fg": 51, "rotates": false },
          { "id": "overlay_wielded_res_shoggoth", "fg": 52, "rotates": false },
          { "id": "res_shoggoth", "fg": 52, "rotates": false },
          { "id": "overlay_wielded_shoggoth_maid", "fg": 53, "rotates": false },
          { "id": "shoggoth_maid", "fg": 53, "rotates": false },
          { "id": "overlay_wielded_summon_alchemic_golem", "fg": 54, "rotates": false },
          { "id": "summon_alchemic_golem", "fg": 54, "rotates": false },
          { "id": "overlay_wielded_summon_little_maid", "fg": 55, "rotates": false },
          { "id": "summon_little_maid", "fg": 55, "rotates": false },
          { "id": "fur_cat_tail_biv", "fg": 56, "rotates": false },
          { "id": "overlay_wielded_fur_cat_tail_biv", "fg": 56, "rotates": false },
          { "id": "overlay_worn_fur_cat_tail_biv", "fg": 57, "rotates": false },
          { "id": "leather_cat_tail_biv", "fg": 58, "rotates": false },
          { "id": "overlay_wielded_leather_cat_tail_biv", "fg": 58, "rotates": false },
          { "id": "overlay_worn_leather_cat_tail_biv", "fg": 59, "rotates": false },
          { "id": "man_carrier", "fg": 60, "rotates": false },
          { "id": "overlay_wielded_man_carrier", "fg": 60, "rotates": false },
          { "id": "overlay_worn_man_carrier", "fg": 61, "rotates": false }
        ],
        "//": "range 1 to 64",
        "sprite_width": 32,
        "sprite_height": 32,
        "sprite_offset_x": 0,
        "sprite_offset_y": 0
      }
    ]
  }
]
