[
  {
    "type": "item_group",
    "id": "NC_SHOGGOTH_MAID_worn",
    "subtype": "collection",
    "entries": [ { "item": "maid_dress_french_shoggoth", "prob": 100 }, { "item": "maid_cap_shoggoth", "prob": 100 } ]
  },
  {
    "type": "item_group",
    "id": "NC_MAID_worn",
    "subtype": "collection",
    "entries": [
      { "item": "maid_dress_french", "prob": 100 },
      { "item": "maid_hat", "prob": 100 },
      { "item": "petticoat", "prob": 100 },
      { "item": "panties", "prob": 100 },
      { "item": "stockings_lace", "prob": 100 },
      { "item": "bra", "prob": 100 },
      { "item": "dress_shoes", "prob": 100 }
    ]
  }
]
