[
	{
		"type": "npc_class",
		"id": "NC_SHOGGOTH_MAID",
		"name": "shoggoth maid",
		"job_description": "I'm your loyal slave, master!",
		"common": false,
		"bonus_str": {"rng": [4, 4]},
		"bonus_dex": {"rng": [2, 2]},
		"bonus_int": {"rng": [-2, -2]},
		"skills": [
			{"skill": "melee", "bonus": {"rng": [5, 7]}},
			{"skill": "unarmed", "bonus": {"rng": [5, 7]}}
		],
		"traits": [
			["MUT_TOUGH3", 100],
			["SHOGGOTH_BUFF_OK", 100],
			["SHUFFLING_HORROR", 100],
			["AMORPHOUS", 100],
			["PER_SLIME_OK", 100],
			["HUNGER", 100],
			["THRESH_SHOGGOTH", 100],
			["SHOGGOTH_BODY_NPC", 100],
			["NOPAIN", 100],
			["INFIMMUNE", 100],
			["hair_black_long", 50],
			["hair_red_long", 25],
			["hair_blond_long", 25],
			["hair_brown_long", 25],
			["MAID_RESTRICT", 100],
			["PRETTY", 100]
		],
		"worn_override": "NC_SHOGGOTH_MAID_worn",
		"carry_override": "naked_prisoner",
		"weapon_override": "naked_prisoner"
	},
	{
		"type": "npc_class",
		"id": "NC_MILK_MAID",
		"name": "milk maid",
		"job_description": "I'm your loyal slave, master!",
		"common": false,
		"bonus_str": {"rng": [-2, 2]},
		"bonus_dex": {"rng": [-2, 2]},
		"bonus_int": {"rng": [0, 2]},
		"bonus_per": {"rng": [-2, 2]},
		"skills": [
			{"skill": "cooking", "bonus": {"rng": [1, 4]}}
		],
		"traits": [
			["GRAZER", 100],
			["TAIL_CATTLE", 100],
			["FELINE_EARS", 100],
			["BOUNTIFUL", 100],
			["HORNS", 100],
			["THRESH_MILK", 100],
			["MILK_PRECURSOR", 100],
			["futanari", 50],
			["hair_black_long", 50],
			["hair_red_long", 25],
			["hair_blond_long", 25],
			["hair_brown_long", 25],
			["PRETTY", 100]
		],
		"worn_override": "NC_MAID_worn",
		"carry_override": "naked_prisoner",
		"weapon_override": "naked_prisoner"
	}
]