[
  {
    "type": "martial_art",
    "id": "style_maid",
    "name": { "str": "L'art du Nettoyage" },
    "description": "It is the servant's duty to take out the trash. Pause to consider your offensive options.",
    "initiate": [ "You steady yourself, ready to strike with poise and grace.", "%s appears more steady and composed." ],
    "arm_block": 99,
    "static_buffs": [
      {
        "id": "maid_defense",
        "name": "For Another",
        "description": "A servant stands between their master and the world.\n\nBlocked damage reduced by 100% of Dexterity, -1 Dodge skill, +1 Block attempt",
        "unarmed_allowed": true,
        "melee_allowed": true,
        "bonus_blocks": 1,
        "flat_bonuses": [ { "stat": "block", "scaling-stat": "dex", "scale": 1.0 }, { "stat": "dodge", "scale": -1.0 } ]
      },
      {
        "id": "maid_defense_2",
        "name": "Silent Presence",
        "description": "A servant must carry out their duties with the appropriate poise and grace.\n\n+2 Dodge skill, +1 Dodge attempts.",
        "skill_requirements": [ { "name": "melee", "level": 3 } ],
        "bonus_dodges": 1,
        "unarmed_allowed": true,
        "melee_allowed": true,
        "flat_bonuses": [ { "stat": "dodge", "scale": 2.0 } ]
      }
    ],
    "onmove_buffs": [
      {
        "id": "maid_moved",
        "name": "Rush",
        "description": "Somebody needs you. Steady yourself and hurry to their side.\n\n-1 to Hit, +2 Dodge skill, -30% damage\nLasts 1 turn",
        "unarmed_allowed": true,
        "melee_allowed": true,
        "skill_requirements": [ { "name": "unarmed", "level": 0 } ],
        "buff_duration": 1,
        "max_stacks": 1,
        "flat_bonuses": [ { "stat": "hit", "scale": -1 }, { "stat": "dodge", "scale": 2.0 } ],
        "mult_bonuses": [
          { "stat": "damage", "type": "bash", "scale": 0.7 },
          { "stat": "damage", "type": "cut", "scale": 0.7 },
          { "stat": "damage", "type": "stab", "scale": 0.7 }
        ]
      }
    ],
    "onpause_buffs": [
      {
        "id": "maid_pause_bonus",
        "name": "Collected Miscellany",
        "description": "A moment to compose yourself is all you need.\n\nEnables certain techniques. -2 Blocks, -1 Dodge. Lasts one turn",
        "unarmed_allowed": true,
        "melee_allowed": true,
        "skill_requirements": [ { "name": "unarmed", "level": 0 } ],
        "buff_duration": 1,
        "max_stacks": 1,
        "bonus_blocks": -2,
        "bonus_dodges": -1
      }
    ],
    "ongethit_buffs": [
      {
        "id": "maid_gethit",
        "name": "Flustered",
        "description": "Ah! N-not there!\n\n-1 Dodge attempts, -2 Dodge skill.",
        "unarmed_allowed": true,
        "melee_allowed": true,
        "buff_duration": 1,
        "bonus_dodges": -1,
        "flat_bonuses": [ { "stat": "dodge", "scale": -2.0 } ]
      }
    ],
    "techniques": [
      "tec_maid_precise",
      "tec_maid_counter",
      "tec_maid_meleecounter",
      "tec_maid_miyage",
      "tec_maid_kyusyu",
      "tec_maid_grab"
    ],
    "weapons": [
      "battle_mop",
      "steel_pan",
      "copper_pan",
      "aluminum_pan",
      "maid_claw",
      "shikomi_stick_draw",
      "shikomi_stick",
      "shikomi_kasa_draw",
      "shikomi_kasa",
      "spiked_whip",
      "brutal_broom",
      "slaying_pan_on",
      "slaying_pan",
      "vorpal_kitchen_knife_on",
      "vorpal_kitchen_knife",
      "broom",
      "mop",
      "knife_butter",
      "multitool",
      "knife_rambo",
      "knife_hunting",
      "machete",
      "survivor_machete",
      "makeshift_machete",
      "machete_gimmick",
      "survivor_machete_qt",
      "hatchet",
      "battleaxe_fake",
      "battleaxe",
      "battleaxe_inferior",
      "fire_ax",
      "ax",
      "ax_sheets_welded",
      "qt_battleaxe",
      "ch_battleaxe",
      "lc_battleaxe",
      "spoon",
      "fork",
      "pan",
      "vibrator",
      "umbrella"
    ]
  }
]
"vibrator",
      "umbrella"
    ]
  }
]
"umbrella"
    ]
  }
]
   "vibrator",
      "umbrella"
    ]
  }
]
