[
  {
    "id": "bmd_healing",
    "type": "SPELL",
    "name": "Knife Drain",
    "description": "Heals some light damage to the character.",
    "valid_targets": [ "self" ],
    "flags": [ "SILENT", "NO_LEGS", "NO_HANDS", "NO_FAIL", "NO_PROJECTILE" ],
    "min_damage": -3,
    "max_damage": -8,
    "damage_increment": -1.0,
    "effect": "attack",
    "shape": "blast",
    "message": "You feel a rush of vitality from your target into your body.",
    "damage_type": "biological"
  },
  {
    "id": "bmd_pleasure",
    "type": "SPELL",
    "name": { "str": "Immense Pleasure" },
    "description": "Causes a surge of adrenaline to flow throughout your body after reaching climax.",
    "valid_targets": [ "self" ],
    "effect": "attack",
    "effect_str": "adrenaline",
    "shape": "blast",
    "extra_effects": [ { "id": "AEA_PARALYZE", "hit_self": true } ],
    "base_casting_time": 100,
    "flags": [ "RANDOM_DURATION", "NO_PROJECTILE" ],
    "//": "duration is randomly selected from the below values",
    "min_duration": 120000,
    "max_duration": 150000,
    "message": "You reach the climax and feel filled with a roaring energy!"
  }
]
