[
  {
    "type": "MONSTER",
    "id": "mon_shoggoth_maid",
    "name": { "str": "shoggoth maid" },
    "species": "NETHER",
    "default_faction": "player",
    "symbol": "M",
    "color": "white",
    "volume": "5 L",
    "diff": 20,
    "aggression": 10,
    "morale": 100,
    "speed": 300,
    "melee_skill": 10,
    "melee_dice": 5,
    "melee_dice_sides": 5,
    "dodge": 0,
    "armor": {
    "cut": 26,
    "stab": 10,
    "acid": 3,
    "bullet": 30,
    "bash": 10,
    "electric": 3
    },
    "vision_day": 8,
    "vision_night": 8,
    "death_drops": "mon_shoggoth_maid_death_drops",
    "hp": 400,
    "harvest": "exempt",
    "death_function": { "corpse_type": "NO_CORPSE", "message": "The %s melts away." },
    "special_attacks": [ [ "PARROT", 40 ], [ "STRETCH_ATTACK", 5 ] ],
    "description": "A shoggoth mimicking the look of an attractive maid. Contrary to the neat appearance, her head has swirls of pink and iridescent colors swirling around. She has a deep seated love for her master.",
    "flags": [ "SEES", "SMELLS", "HEARS", "SWIMS", "PLASTIC", "SLUDGEPROOF", "ACIDPROOF", "NOHEAD", "REVIVES", "NOGIB" ],
    "anger_triggers": [ "FRIEND_ATTACKED" ]
  },
  {
    "type": "MONSTER",
    "id": "mon_shoggoth",
    "copy-from": "mon_shoggoth",
    "death_drops": "mon_shoggoth_death_drops"
  },
  {
    "type": "MONSTER",
    "id": "maid_master",
    "name": { "str": "master", "str_pl": "masters" },
    "species": "UNKNOWN",
    "default_faction": "player",
    "symbol": "m",
    "color": "brown",
    "material": [ "flesh" ],
    "diff": 2,
    "aggression": -10,
    "morale": 100,
    "speed": 130,
    "melee_skill": 2,
    "melee_dice": 2,
    "melee_dice_sides": 4,
    "melee_damage": [
    {
      "damage_type": "cut",
      "amount": 3
    } 
    ],
    "dodge": 2,
    "armor": {
    "cut": 1,
    "stab": 1,
    "acid": 1,
    "bullet": 1,
    "electric": 1
    },
    "vision_day": 30,
    "vision_night": 3,
    "harvest": "human",
    "hp": 40,
    "description": "A child entrusted to you by the owner of the house you served at. There's a deep feeling of fear in your stomach as you embrace the cataclysm, but protecting this child gives you purpose and makes you feel less alone.",
    "flags": [ "SEES", "HEARS", "SMELLS", "WARM"]
  },
  {
    "type": "MONSTER",
    "id": "mon_little_maid",
    "name": { "str": "little maid" },
    "species": "NETHER",
    "default_faction": "player",
    "symbol": "m",
    "color": "white",
    "material": [ "flesh" ],
    "diff": 2,
    "aggression": 10,
    "morale": 100,
    "speed": 300,
    "melee_skill": 5,
    "melee_dice": 1,
    "melee_dice_sides": 1,
    "melee_damage": [
    {
      "damage_type": "cut",
      "amount": 0
    }
    ],
  "armor": {
    "cut": 15,
    "stab": 15,
    "acid": 3,
    "bullet": 15,
    "electric": 3
    },
    "vision_day": 8,
    "vision_night": 8,
    "harvest": "exempt",
    "death_drops": "mon_little_maid_death_drops",
    "hp": 80,
    "death_function": { "corpse_type": "NO_CORPSE", "message": "The %s melts away." },
    "special_attacks": [ [ "PARROT", 40 ] ],
    "description": "A small maid summoned from a different world. Although difficult to have a conversation with, it seems she had longed to be summoned.",
    "flags": [ "SEES", "SMELLS", "HEARS", "SWIMS", "WARM", "REVIVES", "NOGIB" ],
    "anger_triggers": [ "FRIEND_ATTACKED" ]
  },
  {
    "type": "MONSTER",
    "id": "mon_alchemic_golem",
    "name": { "str": "alchemic flesh golem (cooked)" },
    "species": "NETHER",
    "default_faction": "player",
    "symbol": "g",
    "color": "red",
    "material": [ "flesh" ],
    "diff": 2,
    "aggression": 100,
    "morale": 100,
    "speed": 80,
    "melee_skill": 0,
    "melee_dice": 0,
    "melee_dice_sides": 0,
   "melee_damage": [
    {
      "damage_type": "cut",
      "amount": 0
    }
    ],
    "dodge": 0,
    "vision_day": 15,
    "vision_night": 15,
    "hp": 100,
    "emit_fields": [ "emit_toxic_leak" ],
    "harvest": "exempt",
    "death_function": {
      "message": "The %s's body leaks acid and explodes.",
      "effect": { "id": "death_acid", "hit_self": true }, 
      "corpse_type": "NO_CORPSE"
    },
    "special_attacks": [ [ "ACID_BARF", 1 ] ],
    "description": "A large living mass of meat made alive by the means of alchemy. The twisted, distorted meat lump has a mouth-like organ like that of a human, where it constantly spews poisonous gas and acidic bodily fluids from, while making unpleasant sounds.",
    "flags": [ "SEES", "HEARS", "SMELLS", "STUMBLES", "WARM", "NO_BREATHE", "ACIDPROOF", "ACID_BLOOD" ]
  }
]
D" ]
  }
]

  }
]
ID_BLOOD" ]
  }
]
