[
  {
    "type": "AMMO",
    "id": "blob_gohan",
    "category": "other",
    "price": "0 cent",
    "name": { "str": "maid's blob feed" },
    "symbol": "=",
    "color": "light_red",
    "description": "Feed made for a certain type of blob. It's a protein paste made out of meat.",
    "material": [ "flesh" ],
    "volume": "1 ml",
    "weight": "1 g",
    "ammo_type": "blob_gohan",
    "count": 100,
    "stack_size": 100
  },
  {
    "type": "AMMO",
    "id": "assassins_throwing_dagger",
    "category": "weapons",
    "price": "90 USD",
    "name": { "str": "assassin's throwing knife" },
    "symbol": "/",
    "color": "light_gray",
    "description": "A nimble blade meant for ranged assassination, but makes an improvised cutlery tool in a pinch. It's very lightweight and silent and can be used on both zombies and games involving apples.",
    "material": [ "steel", "leather" ],
    "volume": "1 L",
    "weight": "750 g",
    "damage": {
    "damage_type": "cut",
    "amount": 24 ,
    "armor_penetration": 3
  },
  
    "flags": [ "SPEAR", "SHEATH_KNIFE" ],
    "qualities": [ [ "CUT", 1 ], [ "BUTCHER", 10 ] ],
    "ammo_type": "assassins_throwing_dagger",
    "count": 4,
    "effects": [
    "RECOVER_40"
    ],
    "stack_size": 4
  },
  {
    "type": "AMMO",
    "id": "makeshift_throwing_knife",
    "category": "weapons",
    "price": "52 USD",
    "name": { "str": "makeshift throwing knife" },
    "symbol": ";",
    "color": "light_gray",
    "description": "A crude and simple throwing knife made from a sharpened piece of salvaged steel with cloth wrapped around it. It's better than throwing rocks, at least.",
    "material": [ "steel" ],
    "volume": "250 ml",
    "weight": "600 g", 
    "damage": {
    "damage_type": "cut",
    "amount": 12 ,
    "armor_penetration": 1
  },
  "effects": [
    "RECOVER_40"
    ],
    "ammo_type": "makeshift_throwing_knife",
    "count": 5
  },
  {
    "type": "TOOL",
    "category": "weapons",
    "id": "destruction_otama",
    "price": "90 USD",
    "name": { "str": "maid's ladle" },
    "symbol": "/",
    "color": "light_gray",
    "description": "A weapon used by a maid when she's seriously angry. Scary!",
    "material": [ "steel", "wood" ],
    "volume": "2 L",
    "weight": "1 g", 
    "melee_damage": {
    "cut": 24 }, 
    "use_action": {
      "type": "transform",
      "target": "otama_act",
      "target_charges": 2,
      "active": true,
      "msg": "You are overcome with anger."
    }
  },
  {
    "id": "otama_act",
    "type": "TOOL",
    "category": "weapons",
    "symbol": "*",
    "color": "light_gray",
    "name": { "str": "maid's ladle" },
    "description": "This is an outrage! You're on the verge of exploding!",
    "price": "0 cent",
    "material": [ "steel", "wood" ],
    "weight": " 1 g",
    "volume": "2 L",
    "melee_damage": {
    "cut": 24 }, 
    "to_hit": 2,
    "initial_charges": 2,
    "max_charges": 2,
    "turns_per_charge": 1,
    "use_action": {
      "type": "explosion",
      "explosion": { "power": 30, "shrapnel": 20 }
    }
  },
  {
    "type": "AMMO",
    "id": "maid_point",
    "category": "other",
    "price": "0 cent",
    "name": { "str": "maid energy crystal", "str_pl": "maid energy crystal" },
    "symbol": "*",
    "color": "light_red",
    "description": "A crystallized manifestation of passion. Acts as a source of energy in certain types of tools for maids.",
    "material": [ "maid" ],
    "volume": "3 ml",
    "weight": "3 g",
    "ammo_type": "maid_point",
    "damage": { "damage_type": "bullet", "amount": 0 },
    "range": 0,
    "dispersion": 0,
    "recoil": 0,
    "count": 100,
    "stack_size": 100,
    "effects": [ "NEVER_MISFIRES" ]
  },
  {
    "type": "AMMO",
    "id": "maid_power",
    "category": "other",
    "price": "0 cent",
    "name": { "str": "Maid Power", "str_pl": "Maid Power" },
    "symbol": "*",
    "color": "light_red",
    "description": "A semi-crystallized manifestation of passion, not yet fully catalyzed into a usable form.",
    "material": [ "maid" ],
    "volume": "3 ml",
    "weight": "3 g",
    "ammo_type": "maid_power",
    "count": 15,
    "stack_size": 15
  }
]
