[
  {
    "type": "COMESTIBLE",
    "id": "protein_milk",
    "name": { "str_sp": "protein 'milk'" },
    "weight": "258 g",
    "color": "white",
    "spoils_in": "1 d",
    "container": "jug_plastic",
    "comestible_type": "DRINK",
    "symbol": "~",
    "quench": 10,
    "healthy": 1,
    "charges": 1,
    "calories": 750,
    "description": "Thick white liquid, rich in protein. This particular serving is 50x larger than the average, making it a decent, if very strange, meal.",
    "price": 38,
    "price_postapoc": 50,
    "material": [ "milk" ],
    "volume": "250 ml",
    "phase": "liquid",
    "flags": [ "EATEN_COLD" ],
    "vitamins": [ [ "vitC", 2 ] ],
    "fun": 0
  },
  {
    "type": "GENERIC",
    "id": "milk_serum",
    "name": { "str": "milk maid serum", "str_pl": "milk maid serums" },
    "description": "A mutagenic serum, designed to transform the subject into a docile servant capable of producing large amounts of milk. Talk to a follower to use.",
    "weight": "250 g",
    "symbol": "-",
    "color": "dark_gray",
    "price": "50 USD",
    "volume": "150 ml",
    "category": "tools"
  }
]
