[
  {
    "id": "vorpal_kitchen_knife",
    "type": "TOOL",
    "category": "weapons",
    "symbol": "/",
    "color": "light_gray",
    "name": { "str": "maid's kitchen knife" },
    "description": "A strange kitchen knife. The patterns on the blade bring unpleasant thoughts to mind. When activated, it can drain strength from enemies.",
    "price": "90 USD",
    "material": [ "steel", "wood" ],
    "techniques": [ "RAPID", "WBLOCK_1" ],
    "flags": [ "DURABLE_MELEE", "SHEATH_KNIFE" ],
    "weight": "330 g",
    "volume": "250 ml",
    "longest_side": "30 cm",
    "melee_damage": {
    "bash": 1,
    "cut": 14
  },
    "to_hit": 1,
    "qualities": [ [ "CUT", 3 ], [ "BUTCHER", 30 ], [ "CUT_FINE", 3 ] ],
    "pocket_data": [ { "pocket_type": "MAGAZINE", "ammo_restriction": { "maid_point": 100 } } ],
    "charges_per_use":80,
    "ammo": [ "maid_point" ],
    "use_action": {
      "type": "transform",
      "msg": "The maid's kitchen knife is looking for blood. Let's cook!",
      "target": "vorpal_kitchen_knife_on",
      "active": true,
      "need_charges": 80,
      "need_charges_msg": "Not enough maid energy！"
    }
  },
  {
    "id": "vorpal_kitchen_knife_on",
    "type": "TOOL",
    "category": "weapons",
    "symbol": "/",
    "color": "light_gray",
    "name": { "str": "maid's kitchen knife (powered)" },
    "description": "The metal writhes with phantasmal mouths and eyes. Your master hungers.",
    "price": "90 USD",
    "material": [ "steel", "wood" ],
    "techniques": [ "RAPID", "WBLOCK_1", "VORPAL" ],
    "flags": [ "DURABLE_MELEE", "NO_RELOAD", "MESSY" ],
    "weight": "330 g",
    "volume": "250 ml",
    "longest_side": "30 cm",
     "melee_damage": {
    "bash": 1,
    "cut": 28
  },
    "to_hit": 2,
    "qualities": [ [ "CUT", 3 ], [ "BUTCHER", 30 ], [ "CUT_FINE", 3 ] ],
    "pocket_data": [ { "pocket_type": "MAGAZINE", "ammo_restriction": { "maid_point": 100} } ],
    "turns_per_charge": 1,
    "ammo": [ "maid_point" ],
    "revert_to": "vorpal_kitchen_knife",
    "use_action": {
      "type": "transform",
      "msg": "You blink the patterns away and sheath the knife.",
      "target": "vorpal_kitchen_knife",
      "need_charges": 0
    },
    "relic_data": {
      "passive_effects": [ { "has": "WIELD", "condition": "ALWAYS", "hit_you_effect": [ { "id": "bmd_healing", "hit_self": true } ] } ]
    }
  },
  {
    "type": "TOOL",
    "category": "weapons",
    "id": "slaying_pan",
    "symbol": ")",
    "color": "dark_gray",
    "name": { "str": "maid's frying pan" },
    "description": "A strange frying pan that smells of rotting fish. Indigo flames dance faintly beneath the finish. When activated, it will be wreathed in fire.",
    "price": "90 USD",
    "material": [ "steel", "wood" ],
    "techniques": [ "WBLOCK_2" ],
    "flags": [ "DURABLE_MELEE" ],
    "weight": "800 g",
    "volume": "3000 ml",
    "longest_side": "60 cm",
     "melee_damage": {
    "bash": 14,
    "cut": 1
  },
    "to_hit": 2,
    "qualities": [ [ "COOK", 2 ], [ "BOIL", 2 ], [ "CONTAIN", 1 ] ],
    "pocket_data": [ { "pocket_type": "MAGAZINE", "ammo_restriction": { "maid_point": 100 } } ],
    "charges_per_use": 1,
    "ammo": [ "maid_point" ],
    "use_action": {
      "type": "transform",
      "msg": "The ROBFOOD-SOULCO kitchen buddy cooking buddy switches on. How convenient!",
      "target": "slaying_pan_on",
      "active": true,
      "need_charges": 1,
      "need_charges_msg": "Not enough maid energy!"
    }
  },
  {
    "type": "TOOL",
    "category": "weapons",
    "id": "slaying_pan_on",
    "symbol": ")",
    "color": "dark_gray",
    "name": { "str": "maid's frying pan (ignited)" },
    "description": "The ROBFOOD-SOULCO kitchen buddy cooking buddy carries an eternal flame that is guaranteed to cook meat of any dimensional persuasion in five swings or less, or your money back!.",
    "price": "90 USD",
    "material": [ "steel", "wood" ],
    "techniques": [ "RAPID", "BRUTAL", "WBLOCK_2" ],
    "flags": [ "DURABLE_MELEE", "FIRE", "LIGHT_240", "FLAMING" ],
    "weight": "800 g",
    "volume": "3000 ml",
    "longest_side": "60 cm",
     "melee_damage": {
    "bash": 40,
    "cut": 1
  },
    "to_hit": 2,
    "qualities": [ [ "COOK", 2 ], [ "BOIL", 2 ], [ "CONTAIN", 1 ] ],
    "pocket_data": [ { "pocket_type": "MAGAZINE", "ammo_restriction": { "maid_point": 100 } } ],
    "turns_per_charge": 2,
    "ammo": [ "maid_point" ],
    "revert_to": "slaying_pan",
    "use_action": {
      "type": "transform",
      "msg": "The flame fizzles out. What were you doing again?",
      "target": "slaying_pan",
      "need_charges": 0
    }
  },
  {
    "type": "GENERIC",
    "category": "weapons",
    "id": "brutal_broom",
    "name": { "str": "maid's broom" },
    "description": "This broom has been modified for combat use. It has a sharp blade built into it, and every time you sweep it, you end up with more trash.",
    "weight": "1900 g",
    "longest_side": "160 cm",
    "to_hit": 2,
    "color": "light_gray",
    "symbol": "/",
    "material": [ "steel", "wood" ],
    "techniques": [ "BRUTAL", "WBLOCK_1" ],
    "volume": "3500 ml",
     "melee_damage": {
    "bash": 8,
    "cut": 20
  },
    "flags": [ "DURABLE_MELEE", "REACH_ATTACK", "NONCONDUCTIVE", "POLEARM", "SHEATH_SPEAR", "ALWAYS_TWOHAND" ],
    "price": 9000
  },
  {
    "type": "GENERIC",
    "category": "weapons",
    "id": "spiked_whip",
    "name": { "str": "maid's whip" },
    "description": "It is a leather whip weighted with countless spikes. It can used to disarm opponents, or discipline your master when disobedient.",
    "weight": "1100 g",
    "to_hit": 2,
    "longest_side": "15 cm",
    "color": "light_gray",
    "symbol": ")",
    "material": [ "steel", "leather" ],
    "techniques": [ "WHIP_DISARM" ],
    "volume": "1750 ml",
     "melee_damage": {
    "bash": 8,
    "cut": 18
  },
    "flags": [ "DURABLE_MELEE", "REACH_ATTACK" ],
    "price": 9000
  },
  {
    "type": "GENERIC",
    "category": "weapons",
    "id": "shikomi_kasa",
    "name": { "str": "maid's umbrella" },
    "description": "The kind of fancy umbrella you imagine sharing with your master on rainy days. It conceals a hidden blade for self-defence.",
    "weight": "1200 g",
    "longest_side": "80 cm",
    "to_hit": 1,
    "color": "dark_gray",
    "symbol": "/",
    "material": [ "aluminum", "plastic", "steel" ],
    "techniques": [ "WBLOCK_1" ],
    "flags": [ "DURABLE_MELEE", "RAIN_PROTECT" ],
    "use_action": { "type": "transform", "target": "shikomi_kasa_draw", "msg": "You trigger the umbrella's spring-loaded blade." },
    "volume": "1500 ml",
     "melee_damage": {
    "bash": 6,
    "cut": 1
  },
    "price": 17800
  },
  {
    "type": "GENERIC",
    "category": "weapons",
    "id": "shikomi_kasa_draw",
    "name": { "str": "maid's umbrella (unsheathed)" },
    "description": "The kind of fancy umbrella you imagine sharing with your master on rainy days. A thin bayonet protrudes from the tip.",
    "weight": "1200 g",
    "longest_side": "95 cm",
    "to_hit": 1,
    "color": "dark_gray",
    "symbol": "/",
    "volume": "1500 ml",
    "material": [ "aluminum", "plastic", "steel" ],
    "techniques": [ "RAPID", "WBLOCK_1" ],
    "flags": [ "DURABLE_MELEE", "RAIN_PROTECT" ],
    "use_action": { "type": "transform", "target": "shikomi_kasa", "msg": "You retract the umbrella's blade back into its hiding spot." },
     "melee_damage": {
    "bash": 6,
    "cut": 22
  },
    "price": 17800
  },
  {
    "type": "GENERIC",
    "category": "weapons",
    "id": "shikomi_stick",
    "name": { "str": "maid's shirasaya" },
    "description": "A matching wooden handle and scabbard, concealing a full length katana blade. It appears as a solid wooden stick to those unfamiliar with it, due to how well the handle and scabbard fit together. Activate to unsheath.",
    "weight": "1400 g",
    "longest_side": "75 cm",
    "to_hit": 1,
    "color": "dark_gray",
    "symbol": "/",
    "material": [ "wood", "steel" ],
    "techniques": [ "WBLOCK_1" ],
    "flags": [ "DURABLE_MELEE", "RAIN_PROTECT" ],
    "use_action": { "type": "transform", "target": "shikomi_stick_draw", "msg": "You unsheath the shirasaya." },
    "volume": "2 L",
     "melee_damage": {
    "bash": 12,
    "cut": 1
  },
    "price": 17800
  },
  {
    "type": "GENERIC",
    "category": "weapons",
    "id": "shikomi_stick_draw",
    "name": { "str": "maid's shirasaya (unsheathed)" },
    "description": "A matching wooden handle and scabbard, concealing a full length katana blade. It appears as a solid wooden stick to those unfamiliar with it, due to how well the handle and scabbard fit together. The reinforced wooden sheath makes a decent secondary weapon, though they do, of course, take up more space stored separately.",
    "weight": "1400 g",
    "longest_side": "75 cm",
    "to_hit": 2,
    "color": "dark_gray",
    "symbol": "/",
    "material": [ "wood", "steel" ],
    "techniques": [ "RAPID", "WBLOCK_2" ],
    "flags": [ "DURABLE_MELEE" ],
    "use_action": { "type": "transform", "target": "shikomi_stick", "msg": "You resheath the shirasaya." },
    "volume": "2750 ml",
     "melee_damage": {
    "bash": 12,
    "cut": 27
  },
    "price": 17800
  },
  {
    "id": "maid_claw",
    "type": "GUN",
    "category": "weapons",
    "symbol": "/",
    "color": "dark_gray",
    "name": { "str": "maid's claws" },
    "description": "It is a sharp claw for fighting combat. Fit tightly to your arms, allows you to fight with unarmed techniques. When activated, it can launch fiery projectiles that burn as hot as your yearning for your master.",
    "price": "500 USD",
    "material": [ "steel", "leather" ],
    "skill": "unarmed",
    "ammo": [ "maid_point" ],
    "flags": [ "NEVER_JAMS", "DURABLE_MELEE", "PRIMITIVE_RANGED_WEAPON", "NO_SALVAGE" ],
    "ammo_to_fire": 20,
    "weight": "750 g",
    "volume": "250 ml",
    "longest_side": "20 cm",
     "melee_damage": {
    "bash": 2,
    "cut": 10
  },
    "to_hit": 1,
    "ranged_damage": { "damage_type": "bullet", "amount": 20, "armor_penetration": 30 },
    "range": 10,
    "dispersion": 0,
    "sight_dispersion": 90,
    "recoil": 300,
    "durability": 10,
    "clip_size": 40,
    "pocket_data": [ { "pocket_type": "MAGAZINE", "ammo_restriction": { "maid_point": 40 } } ],
    "loudness": 100,
    "ammo_effects": [ "FLAME", "STREAM", "INCENDIARY", "NEVER_MISFIRES", "SHOT" ],
    "modes": [ [ "DEFAULT", "auto", 2 ] ],
    "relative": { "reload": -99 }
  },
  {
    "id": "battle_mop",
    "type": "TOOL",
    "category": "weapons",
    "symbol": "/",
    "color": "light_gray",
    "name": { "str": "maid's mop" },
    "description": "A mop with a wooden handle that actually conceals a steel core, making it a formidable weapon for taking out whatever trash may pose a threat to your master.",
    "price": "10 USD",
    "material": [ "wood", "iron" ],
    "flags": [ "DURABLE_MELEE", "REACH_ATTACK" ],
    "techniques": [
    "WBLOCK_1",
    "BRUTAL"
  ],
    "weight": "1100 g",
    "volume": "1750 ml",
     "melee_damage": {
    "cut": 26
  },
    "to_hit": 1,
    "use_action": "MOP"
  }
]
