[
  {
    "type": "recipe",
    "activity_level": "LIGHT_EXERCISE",
    "result": "maid_dress",
    "category": "CC_ARMOR",
    "subcategory": "CSC_ARMOR_SUIT",
    "skill_used": "tailor",
    "difficulty": 4,
    "time": "200 m",
    "reversible": false,
    "autolearn": true,
    "tools": [ [ [ "sewing_kit", 60 ] ] ],
    "components": [ [ [ "rag", 40 ] ] ]
  },
  {
    "type": "recipe",
    "activity_level": "LIGHT_EXERCISE",
    "result": "maid_dress_french",
    "category": "CC_ARMOR",
    "subcategory": "CSC_ARMOR_SUIT",
    "skill_used": "tailor",
    "difficulty": 4,
    "time": "180 m",
    "reversible": false,
    "autolearn": true,
    "tools": [ [ [ "sewing_kit", 40 ] ] ],
    "components": [ [ [ "rag", 20 ] ] ]
  },
  {
    "type": "recipe",
    "activity_level": "LIGHT_EXERCISE",
    "result": "survivor_maid_dress",
    "category": "CC_ARMOR",
    "subcategory": "CSC_ARMOR_SUIT",
    "skill_used": "tailor",
    "skills_required": [ "fabrication", 6 ],
    "difficulty": 7,
    "time": "120 m",
    "reversible": false,
    "autolearn": true,
    "qualities": [ { "id": "CUT", "level": 1, "amount": 1 } ],
    "tools": [ [ [ "welder", 18 ], [ "soldering_iron", 18 ], [ "toolset", 18 ] ], [ [ "sewing_kit", 60 ] ] ],
    "components": [
      [ [ "maid_dress", 1 ] ],
      [ [ "cloak", 1 ] ],
      [
        [ "chestrig", 1 ],
        [ "legrig", 1 ],
        [ "vest", 1 ],
        [ "tool_belt", 1 ],
        [ "ragpouch", 2 ],
        [ "leather_pouch", 2 ],
        [ "dump_pouch", 1 ],
        [ "purse", 1 ],
        [ "fanny", 1 ]
      ],
      [ [ "duct_tape", 150 ] ],
      [ [ "kevlar", 1 ], [ "sheet_kevlar_layered", 16 ] ]
    ]
  },
  {
    "type": "recipe",
    "activity_level": "LIGHT_EXERCISE",
    "result": "jokyu_fuku",
    "category": "CC_ARMOR",
    "subcategory": "CSC_ARMOR_SUIT",
    "skill_used": "tailor",
    "difficulty": 4,
    "time": "200 m",
    "reversible": false,
    "autolearn": true,
    "tools": [ [ [ "sewing_kit", 60 ] ] ],
    "components": [ [ [ "rag", 40 ] ] ]
  },
  {
    "type": "recipe",
    "activity_level": "LIGHT_EXERCISE",
    "result": "maid_hat",
    "category": "CC_ARMOR",
    "subcategory": "CSC_ARMOR_HEAD",
    "skill_used": "tailor",
    "difficulty": 4,
    "time": "60 m",
    "reversible": false,
    "autolearn": true,
    "tools": [ [ [ "sewing_kit", 20 ] ] ],
    "components": [ [ [ "rag", 3 ] ] ]
  },
  {
    "type": "recipe",
    "activity_level": "LIGHT_EXERCISE",
    "result": "stockings_lace",
    "category": "CC_ARMOR",
    "subcategory": "CSC_ARMOR_FEET",
    "skill_used": "tailor",
    "difficulty": 5,
    "time": "100 m",
    "reversible": false,
    "autolearn": true,
    "tools": [ [ [ "sewing_kit", 30 ] ] ],
    "components": [ [ [ "rag", 8 ] ] ]
  },
  {
    "type": "recipe",
    "activity_level": "LIGHT_EXERCISE",
    "result": "petticoat",
    "category": "CC_ARMOR",
    "subcategory": "CSC_ARMOR_FEET",
    "skill_used": "tailor",
    "difficulty": 4,
    "time": "80 m",
    "reversible": false,
    "autolearn": true,
    "tools": [ [ [ "sewing_kit", 30 ] ] ],
    "components": [ [ [ "rag", 8 ] ] ]
  },
  {
    "type": "recipe",
    "activity_level": "LIGHT_EXERCISE",
    "result": "tux",
    "category": "CC_ARMOR",
    "subcategory": "CSC_ARMOR_SUIT",
    "skill_used": "tailor",
    "difficulty": 4,
    "time": "200 m",
    "reversible": false,
    "autolearn": true,
    "tools": [ [ [ "sewing_kit", 65 ] ] ],
    "components": [ [ [ "rag", 45 ] ] ]
  },
  {
    "type": "recipe",
    "activity_level": "LIGHT_EXERCISE",
    "result": "survivor_tux",
    "category": "CC_ARMOR",
    "subcategory": "CSC_ARMOR_SUIT",
    "skill_used": "tailor",
    "skills_required": [ "fabrication", 6 ],
    "difficulty": 7,
    "time": "120 m",
    "reversible": false,
    "autolearn": true,
    "qualities": [ { "id": "CUT", "level": 1, "amount": 1 } ],
    "tools": [ [ [ "welder", 18 ], [ "soldering_iron", 18 ], [ "toolset", 18 ] ], [ [ "sewing_kit", 60 ] ] ],
    "components": [
      [ [ "tux", 1 ] ],
      [ [ "cloak", 1 ] ],
      [
        [ "chestrig", 1 ],
        [ "legrig", 1 ],
        [ "vest", 1 ],
        [ "tool_belt", 1 ],
        [ "ragpouch", 2 ],
        [ "leather_pouch", 2 ],
        [ "dump_pouch", 1 ],
        [ "purse", 1 ],
        [ "fanny", 1 ]
      ],
      [ [ "duct_tape", 150 ] ],
      [ [ "kevlar", 1 ], [ "sheet_kevlar_layered", 16 ] ]
    ]
  },
  {
    "type": "recipe",
    "activity_level": "NO_EXERCISE",
    "result": "makeshift_throwing_knife",
    "category": "CC_WEAPON",
    "subcategory": "CSC_WEAPON_RANGED",
    "skill_used": "fabrication",
    "difficulty": 3,
    "skills_required": [ "throw", 4 ],
    "time": "20 m",
    "reversible": false,
    "autolearn": true,
    "qualities": [ { "id": "HAMMER", "level": 2, "amount": 1 } ],
    "components": [
      [ [ "steel_chunk", 2 ], [ "scrap", 6 ] ],
      [
        [ "rag", 1 ],
        [ "duct_tape", 50 ],
        [ "string_6", 2 ],
        [ "sinew", 100 ],
        [ "thread", 100 ],
        [ "plant_fibre", 100 ]
      ]
    ]
  },
  {
    "type": "recipe",
    "activity_level": "NO_EXERCISE",
    "result": "assassins_throwing_dagger",
    "category": "CC_WEAPON",
    "subcategory": "CSC_WEAPON_RANGED",
    "skill_used": "fabrication",
    "difficulty": 7,
    "skills_required": [ "throw", 7 ],
    "time": "240 m",
    "reversible": false,
    "autolearn": true,
    "qualities": [ { "id": "HAMMER", "level": 3, "amount": 1 } ],
    "tools": [
      [ [ "tongs", -1 ] ],
      [ [ "chisel", -1 ] ],
      [ [ "anvil", -1 ] ],
      [ [ "swage", -1 ] ],
      [ [ "forge", 200 ], [ "char_forge", 40 ], [ "oxy_torch", 40 ] ]
    ],
    "components": [ [ [ "steel_chunk", 2 ], [ "scrap", 6 ] ], [ [ "leather", 1 ] ] ]
  },
  {
    "type": "recipe",
    "activity_level": "NO_EXERCISE",
    "result": "destruction_otama",
    "category": "CC_WEAPON",
    "subcategory": "CSC_WEAPON_RANGED",
    "skill_used": "fabrication",
    "difficulty": 7,
    "skills_required": [ "throw", 7 ],
    "time": "20 m",
    "reversible": false,
    "autolearn": true,
    "qualities": [ { "id": "HAMMER", "level": 3, "amount": 1 } ],
    "tools": [
      [ [ "tongs", -1 ] ],
      [ [ "chisel", -1 ] ],
      [ [ "anvil", -1 ] ],
      [ [ "swage", -1 ] ],
      [ [ "forge", 200 ], [ "char_forge", 40 ], [ "oxy_torch", 40 ] ]
    ],
    "components": [ [ [ "steel_chunk", 2 ], [ "scrap", 6 ] ], [ [ "2x4", 1 ], [ "stick", 2 ] ], [ [ "maid_point", 100 ] ] ]
  },
  {
    "type": "recipe",
    "activity_level": "LIGHT_EXERCISE",
    "result": "vorpal_kitchen_knife",
    "category": "CC_WEAPON",
    "subcategory": "CSC_WEAPON_CUTTING",
    "skill_used": "fabrication",
    "difficulty": 10,
    "skills_required": [ "melee", 10 ],
    "time": "480 m",
    "reversible": false,
    "autolearn": true,
    "qualities": [ { "id": "HAMMER", "level": 3, "amount": 1 } ],
    "tools": [
      [ [ "tongs", -1 ] ],
      [ [ "chisel", -1 ] ],
      [ [ "anvil", -1 ] ],
      [ [ "swage", -1 ] ],
      [ [ "forge", 450 ], [ "char_forge", 90 ], [ "oxy_torch", 90 ] ]
    ],
    "components": [
      [ [ "steel_lump", 2 ], [ "steel_chunk", 8 ], [ "scrap", 24 ] ],
      [ [ "2x4", 1 ], [ "stick", 2 ] ],
      [ [ "maid_point", 2000 ] ]
    ]
  },
  {
    "type": "recipe",
    "activity_level": "LIGHT_EXERCISE",
    "result": "slaying_pan",
    "category": "CC_WEAPON",
    "subcategory": "CSC_WEAPON_BASHING",
    "skill_used": "fabrication",
    "difficulty": 9,
    "skills_required": [ "melee", 7 ],
    "time": "480 m",
    "reversible": false,
    "autolearn": true,
    "qualities": [ { "id": "HAMMER", "level": 3, "amount": 1 } ],
    "tools": [
      [ [ "tongs", -1 ] ],
      [ [ "chisel", -1 ] ],
      [ [ "anvil", -1 ] ],
      [ [ "swage", -1 ] ],
      [ [ "forge", 450 ], [ "char_forge", 90 ], [ "oxy_torch", 90 ] ]
    ],
    "components": [
      [ [ "steel_lump", 2 ], [ "steel_chunk", 8 ], [ "scrap", 24 ] ],
      [ [ "2x4", 1 ], [ "stick", 2 ] ],
      [ [ "spike", 6 ] ],
      [ [ "maid_point", 1800 ] ]
    ]
  },
  {
    "type": "recipe",
    "activity_level": "LIGHT_EXERCISE",
    "result": "brutal_broom",
    "category": "CC_WEAPON",
    "subcategory": "CSC_WEAPON_PIERCING",
    "skill_used": "fabrication",
    "difficulty": 6,
    "skills_required": [ "melee", 6 ],
    "time": "5 m",
    "reversible": false,
    "autolearn": true,
    "qualities": [ { "id": "HAMMER", "level": 1, "amount": 1 }, { "id": "SAW_M", "level": 1, "amount": 1 } ],
    "tools": [
      [ [ "tongs", -1 ] ],
      [ [ "chisel", -1 ] ],
      [ [ "swage", -1 ] ],
      [ [ "anvil", -1 ] ],
      [ [ "forge", 100 ], [ "char_forge", 20 ], [ "oxy_torch", 20 ] ]
    ],
    "components": [ [ [ "blade", 1 ] ], [ [ "spike", 1 ] ], [ [ "2x4", 2 ], [ "stick", 4 ], [ "broom", 1 ] ], [ [ "duct_tape", 100 ] ] ]
  },
  {
    "type": "recipe",
    "activity_level": "LIGHT_EXERCISE",
    "result": "spiked_whip",
    "category": "CC_WEAPON",
    "subcategory": "CSC_WEAPON_BASHING",
    "skill_used": "fabrication",
    "difficulty": 8,
    "skills_required": [ "melee", 6 ],
    "time": "360 m",
    "reversible": false,
    "autolearn": true,
    "qualities": [ { "id": "HAMMER", "level": 3, "amount": 1 }, { "id": "CUT", "level": 1, "amount": 1 } ],
    "tools": [
      [ [ "tongs", -1 ] ],
      [ [ "chisel", -1 ] ],
      [ [ "anvil", -1 ] ],
      [ [ "swage", -1 ] ],
      [ [ "forge", 400 ], [ "char_forge", 80 ], [ "oxy_torch", 80 ] ]
    ],
    "components": [
      [ [ "bullwhip", 1 ], [ "leather", 25 ] ],
      [ [ "steel_lump", 1 ], [ "steel_chunk", 4 ], [ "scrap", 12 ] ],
      [ [ "spike", 9 ] ]
    ]
  },
  {
    "type": "recipe",
    "activity_level": "LIGHT_EXERCISE",
    "result": "shikomi_kasa",
    "category": "CC_WEAPON",
    "subcategory": "CSC_WEAPON_CUTTING",
    "skill_used": "fabrication",
    "difficulty": 8,
    "skills_required": [ "melee", 6 ],
    "time": "480 m",
    "reversible": false,
    "autolearn": true,
    "qualities": [ { "id": "HAMMER", "level": 3, "amount": 1 } ],
    "tools": [
      [ [ "tongs", -1 ] ],
      [ [ "chisel", -1 ] ],
      [ [ "anvil", -1 ] ],
      [ [ "swage", -1 ] ],
      [ [ "forge", 400 ], [ "char_forge", 80 ], [ "oxy_torch", 80 ] ]
    ],
    "components": [ [ [ "umbrella", 1 ], [ "teleumbrella", 1 ] ], [ [ "steel_lump", 2 ], [ "steel_chunk", 6 ], [ "scrap", 18 ] ] ]
  },
  {
    "type": "recipe",
    "activity_level": "LIGHT_EXERCISE",
    "result": "shikomi_stick",
    "category": "CC_WEAPON",
    "subcategory": "CSC_WEAPON_CUTTING",
    "skill_used": "fabrication",
    "difficulty": 8,
    "skills_required": [ "melee", 6 ],
    "time": "540 m",
    "reversible": false,
    "autolearn": true,
    "qualities": [ { "id": "HAMMER", "level": 3, "amount": 1 }, { "id": "CUT", "level": 1, "amount": 1 } ],
    "tools": [
      [ [ "tongs", -1 ] ],
      [ [ "chisel", -1 ] ],
      [ [ "anvil", -1 ] ],
      [ [ "swage", -1 ] ],
      [ [ "forge", 400 ], [ "char_forge", 80 ], [ "oxy_torch", 80 ] ],
      [ [ "polisher", 20 ] ]
    ],
    "components": [ [ [ "2x4", 2 ], [ "stick", 4 ] ], [ [ "steel_lump", 2 ], [ "steel_chunk", 6 ], [ "scrap", 18 ] ], [ [ "wax", 2 ] ] ]
  },
  {
    "type": "recipe",
    "activity_level": "NO_EXERCISE",
    "result": "leather_cat_tail_biv",
    "category": "CC_ARMOR",
    "subcategory": "CSC_ARMOR_OTHER",
    "skill_used": "tailor",
    "difficulty": 3,
    "time": "10 m",
    "reversible": false,
    "autolearn": true,
    "components": [ [ [ "leather_cat_tail", 1 ] ], [ [ "vibrator", 1 ] ], [ [ "superglue", 1 ] ] ]
  },
  {
    "type": "recipe",
    "activity_level": "NO_EXERCISE",
    "result": "fur_cat_tail_biv",
    "category": "CC_ARMOR",
    "subcategory": "CSC_ARMOR_OTHER",
    "skill_used": "tailor",
    "difficulty": 3,
    "time": "10 m",
    "reversible": false,
    "autolearn": true,
    "components": [ [ [ "fur_cat_tail", 1 ] ], [ [ "vibrator", 1 ] ], [ [ "superglue", 1 ] ] ]
  },
  {
    "type": "recipe",
    "activity_level": "LIGHT_EXERCISE",
    "result": "blob_cat_tail",
    "category": "CC_ARMOR",
    "subcategory": "CSC_ARMOR_OTHER",
    "skill_used": "cooking",
    "difficulty": 8,
    "time": "400 m",
    "reversible": false,
    "autolearn": true,
    "qualities": [ { "id": "CUT", "level": 1, "amount": 1 } ],
    "components": [ [ [ "slime_scrap", 1 ] ], [ [ "meat", 1 ] ] ]
  },
  {
    "type": "recipe",
    "activity_level": "NO_EXERCISE",
    "result": "blob_gohan",
    "category": "CC_AMMO",
    "subcategory": "CSC_AMMO_OTHER",
    "skill_used": "cooking",
    "difficulty": 0,
    "time": "1 m",
    "reversible": false,
    "autolearn": true,
    "qualities": [ { "id": "HAMMER", "level": 1, "amount": 1 }, { "id": "CUT", "level": 1, "amount": 1 } ],
    "components": [ [ [ "meat", 1 ] ] ]
  },
  {
    "type": "recipe",
    "activity_level": "LIGHT_EXERCISE",
    "result": "flask_shoggoth",
    "id_suffix": "from_tainted_meat",
    "category": "CC_OTHER",
    "subcategory": "CSC_OTHER_OTHER",
    "skill_used": "cooking",
    "difficulty": 9,
    "time": "180 m",
    "reversible": false,
    "autolearn": false,
    "book_learn": [ [ "book_shoggoth", 9 ] ],
    "tools": [ [ [ "chemistry_set", 5 ] ] ],
    "components": [
      [ [ "meat_tainted", 1 ] ],
      [ [ "flask_glass", 1 ] ],
      [ [ "blood", 10 ] ],
      [ [ "maid_point", 4000 ] ],
      [ [ "maid_dress", 1 ] ]
    ]
  },
  {
    "type": "recipe",
    "activity_level": "LIGHT_EXERCISE",
    "result": "flask_shoggoth",
    "category": "CC_OTHER",
    "subcategory": "CSC_OTHER_OTHER",
    "skill_used": "cooking",
    "difficulty": 7,
    "time": "30 m",
    "reversible": false,
    "autolearn": false,
    "book_learn": [ [ "book_shoggoth", 9 ] ],
    "tools": [ [ [ "chemistry_set", 5 ] ] ],
    "components": [ [ [ "meat_shoggoth", 2 ] ], [ [ "flask_glass", 1 ] ], [ [ "blood", 10 ] ] ]
  },
  {
    "type": "recipe",
    "activity_level": "LIGHT_EXERCISE",
    "result": "man_carrier",
    "category": "CC_ARMOR",
    "subcategory": "CSC_ARMOR_OTHER",
    "skill_used": "tailor",
    "difficulty": 4,
    "time": "200 m",
    "reversible": false,
    "autolearn": true,
    "tools": [ [ [ "sewing_kit", 60 ] ] ],
    "components": [ [ [ "leather", 30 ] ], [ [ "rag", 25 ] ], [ [ "felt_patch", 20 ] ] ]
  },
  {
    "type": "recipe",
    "activity_level": "LIGHT_EXERCISE",
    "result": "maid_cap",
    "category": "CC_ARMOR",
    "subcategory": "CSC_ARMOR_HEAD",
    "skill_used": "tailor",
    "difficulty": 3,
    "time": "20 m",
    "reversible": false,
    "autolearn": true,
    "tools": [ [ [ "sewing_kit", 15 ] ] ],
    "components": [ [ [ "rag", 4 ] ] ]
  },
  {
    "type": "recipe",
    "activity_level": "LIGHT_EXERCISE",
    "result": "cat_maid_cap",
    "category": "CC_ARMOR",
    "subcategory": "CSC_ARMOR_HEAD",
    "skill_used": "tailor",
    "difficulty": 5,
    "time": "40 m",
    "reversible": false,
    "autolearn": true,
    "tools": [ [ [ "sewing_kit", 20 ] ] ],
    "components": [ [ [ "rag", 5 ] ] ]
  },
  {
    "type": "recipe",
    "activity_level": "NO_EXERCISE",
    "result": "master_doll",
    "category": "CC_OTHER",
    "subcategory": "CSC_OTHER_OTHER",
    "skill_used": "fabrication",
    "skills_required": [ "tailor", 3 ],
    "difficulty": 3,
    "time": "60 m",
    "reversible": false,
    "autolearn": true,
    "tools": [ [ [ "sewing_kit", 30 ] ] ],
    "components": [ [ [ "rag", 12 ] ] ]
  },
  {
    "type": "recipe",
    "activity_level": "NO_EXERCISE",
    "result": "maid_bell",
    "category": "CC_OTHER",
    "subcategory": "CSC_OTHER_OTHER",
    "skill_used": "fabrication",
    "skills_required": [ "tailor", 3 ],
    "difficulty": 3,
    "time": "60 m",
    "reversible": false,
    "autolearn": true,
    "tools": [ [ [ "sewing_kit", 30 ] ] ],
    "components": [ [ [ "rag", 12 ] ], [ [ "vibrator", 1 ], [ "stick", 1 ] ] ]
  },
  {
    "type": "recipe",
    "activity_level": "LIGHT_EXERCISE",
    "result": "master_doll_vibe_off",
    "category": "CC_OTHER",
    "subcategory": "CSC_OTHER_OTHER",
    "skill_used": "fabrication",
    "skills_required": [ "tailor", 3 ],
    "difficulty": 3,
    "time": "60 m",
    "reversible": false,
    "autolearn": true,
    "tools": [ [ [ "sewing_kit", 30 ] ] ],
    "components": [ [ [ "rag", 12 ] ], [ [ "vibrator", 1 ] ] ]
  },
  {
    "type": "recipe",
    "activity_level": "NO_EXERCISE",
    "result": "maid_point",
    "byproducts": [ [ "maid_bell" ] ],
    "category": "CC_AMMO",
    "subcategory": "CSC_AMMO_OTHER",
    "skill_used": "fabrication",
    "difficulty": 0,
    "time": "120 m",
    "flags": [ "BLIND_EASY" ],
    "reversible": false,
    "autolearn": true,
    "tools": [ [ [ "master_doll", 48 ], [ "master_doll_vibe_off", 15 ] ] ],
    "components": [ [ [ "maid_bell", 1 ] ] ]
  },
  {
    "type": "recipe",
    "activity_level": "LIGHT_EXERCISE",
    "result": "maid_cloak_off",
    "category": "CC_ARMOR",
    "subcategory": "CSC_ARMOR_SUIT",
    "skill_used": "tailor",
    "difficulty": 8,
    "time": "25 m",
    "reversible": true,
    "autolearn": true,
    "tools": [ [ [ "sewing_kit", 18 ] ] ],
    "components": [ [ [ "rag", 20 ], [ "cloak", 1 ] ], [ [ "maid_point", 1000 ] ] ]
  },
  {
    "type": "recipe",
    "activity_level": "LIGHT_EXERCISE",
    "result": "maid_claw",
    "category": "CC_WEAPON",
    "subcategory": "CSC_WEAPON_PIERCING",
    "skill_used": "fabrication",
    "difficulty": 7,
    "skills_required": [ "melee", 6 ],
    "time": "100 m",
    "reversible": false,
    "autolearn": true,
    "qualities": [ { "id": "HAMMER", "level": 1, "amount": 1 } ],
    "tools": [
      [ [ "tongs", -1 ] ],
      [ [ "chisel", -1 ] ],
      [ [ "swage", -1 ] ],
      [ [ "anvil", -1 ] ],
      [ [ "forge", 100 ], [ "char_forge", 20 ], [ "oxy_torch", 20 ] ],
      [ [ "sewing_kit", 6 ] ]
    ],
    "components": [ [ [ "spike", 5 ] ], [ [ "steel_chunk", 2 ], [ "scrap", 6 ] ], [ [ "leather", 2 ] ], [ [ "maid_point", 1400 ] ] ]
  },
  {
    "type": "recipe",
    "activity_level": "LIGHT_EXERCISE",
    "result": "maidguy_mask_off",
    "category": "CC_ARMOR",
    "subcategory": "CSC_ARMOR_HEAD",
    "skill_used": "tailor",
    "difficulty": 8,
    "time": "120 m",
    "reversible": false,
    "autolearn": true,
    "tools": [
      [ [ "tongs", -1 ] ],
      [ [ "chisel", -1 ] ],
      [ [ "swage", -1 ] ],
      [ [ "anvil", -1 ] ],
      [ [ "forge", 100 ], [ "char_forge", 20 ], [ "oxy_torch", 20 ] ],
      [ [ "sewing_kit", 20 ] ]
    ],
    "components": [ [ [ "rag", 4 ] ], [ [ "silver_small", 1000 ] ], [ [ "maid_point", 1000 ] ] ]
  },
  {
    "type": "recipe",
    "activity_level": "LIGHT_EXERCISE",
    "result": "summon_little_maid",
    "category": "CC_OTHER",
    "subcategory": "CSC_OTHER_TOOLS",
    "skill_used": "fabrication",
    "difficulty": 3,
    "time": "20 m",
    "reversible": false,
    "autolearn": true,
    "qualities": [ { "id": "CUT", "level": 1, "amount": 1 } ],
    "tools": [ [ [ "feather", -1 ] ] ],
    "components": [ [ [ "paper", 5 ] ], [ [ "sugar", 1 ] ], [ [ "stick", 1 ], [ "2x4", 1 ] ], [ [ "maid_point", 300 ] ] ]
  },
  {
    "type": "recipe",
    "activity_level": "NO_EXERCISE",
    "result": "recall_ration",
    "category": "CC_OTHER",
    "subcategory": "CSC_OTHER_TOOLS",
    "skill_used": "fabrication",
    "difficulty": 2,
    "time": "20 m",
    "reversible": false,
    "autolearn": true,
    "qualities": [ { "id": "CUT", "level": 1, "amount": 1 } ],
    "tools": [ [ [ "feather", -1 ] ] ],
    "components": [ [ [ "paper", 5 ] ], [ [ "stick", 1 ], [ "2x4", 1 ] ], [ [ "maid_point", 100 ] ] ]
  },
  {
    "type": "recipe",
    "activity_level": "NO_EXERCISE",
    "result": "meat",
    "id_suffix": "from_recall_ration",
    "byproducts": [ [ "water_clean" ] ],
    "category": "CC_FOOD",
    "subcategory": "CSC_FOOD_MEAT",
    "skill_used": "fabrication",
    "difficulty": 0,
    "time": "3 m",
    "reversible": false,
    "autolearn": true,
    "tools": [ [ [ "recall_ration", -1 ] ] ],
    "components": [ [ [ "maid_point", 100 ] ] ]
  },
  {
    "type": "recipe",
    "activity_level": "NO_EXERCISE",
    "result": "maid_mess_kit",
    "category": "CC_OTHER",
    "subcategory": "CSC_OTHER_TOOLS",
    "skill_used": "fabrication",
    "difficulty": 4,
    "skills_required": [ "cooking", 4 ],
    "time": "5 m",
    "reversible": false,
    "autolearn": true,
    "components": [ [ [ "knife_steak", 1 ], [ "knife_butcher", 1 ] ], [ [ "pot", 1 ] ], [ [ "maid_point", 100 ] ] ]
  },
  {
    "type": "recipe",
    "activity_level": "LIGHT_EXERCISE",
    "result": "little_maid_R18",
    "category": "CC_OTHER",
    "subcategory": "CSC_OTHER_TOOLS",
    "skill_used": "fabrication",
    "difficulty": 3,
    "time": "20 m",
    "reversible": false,
    "autolearn": true,
    "qualities": [ { "id": "CUT", "level": 1, "amount": 1 } ],
    "tools": [ [ [ "feather", -1 ] ] ],
    "components": [ [ [ "paper", 5 ] ], [ [ "sugar", 1 ] ], [ [ "stick", 1 ], [ "2x4", 1 ] ], [ [ "maid_point", 300 ] ] ]
  },
  {
    "type": "recipe",
    "activity_level": "NO_EXERCISE",
    "result": "little_maid_meat_smoked",
    "category": "CC_FOOD",
    "subcategory": "CSC_FOOD_MEAT",
    "skill_used": "fabrication",
    "difficulty": 0,
    "skills_required": [ "cooking", 3 ],
    "time": "0 m",
    "reversible": false,
    "autolearn": true,
    "qualities": [ { "id": "COOK", "level": 1, "amount": 1 } ],
    "tools": [ [ [ "char_smoker", 40 ] ] ],
    "components": [ [ [ "meat", 6 ] ], [ [ "little_maid_R18", 1 ] ] ]
  },
  {
    "type": "recipe",
    "activity_level": "NO_EXERCISE",
    "result": "little_maid_fish_smoked",
    "category": "CC_FOOD",
    "subcategory": "CSC_FOOD_MEAT",
    "skill_used": "fabrication",
    "difficulty": 0,
    "skills_required": [ "cooking", 3 ],
    "time": "0 m",
    "reversible": false,
    "autolearn": true,
    "qualities": [ { "id": "COOK", "level": 1, "amount": 1 } ],
    "tools": [ [ [ "char_smoker", 40 ] ] ],
    "components": [ [ [ "fish", 12 ] ], [ [ "little_maid_R18", 1 ] ] ]
  },
  {
    "type": "recipe",
    "activity_level": "NO_EXERCISE",
    "result": "little_maid_human_smoked",
    "category": "CC_FOOD",
    "subcategory": "CSC_FOOD_MEAT",
    "skill_used": "fabrication",
    "difficulty": 0,
    "skills_required": [ "cooking", 3 ],
    "time": "0 m",
    "reversible": false,
    "autolearn": false,
    "book_learn": [ [ "cookbook_human", 4 ] ],
    "qualities": [ { "id": "COOK", "level": 1, "amount": 1 } ],
    "tools": [ [ [ "char_smoker", 40 ] ] ],
    "components": [ [ [ "human_flesh", 6 ] ], [ [ "little_maid_R18", 1 ] ] ]
  },
  {
    "type": "recipe",
    "activity_level": "NO_EXERCISE",
    "result": "summon_alchemic_golem",
    "category": "CC_OTHER",
    "subcategory": "CSC_OTHER_TOOLS",
    "skill_used": "cooking",
    "difficulty": 3,
    "time": "15 m",
    "reversible": false,
    "autolearn": true,
    "qualities": [ { "id": "COOK", "level": 3, "amount": 1 }, { "id": "CUT", "level": 1, "amount": 1 } ],
    "tools": [ [ [ "hotplate", 7 ], [ "char_smoker", 7 ], [ "toolset", 7 ], [ "surface_heat", 1, "LIST" ] ] ],
    "components": [ [ [ "human_flesh", 3 ], [ "meat_tainted", 3 ] ], [ [ "maid_point", 50 ] ] ]
  },
  {
    "type": "recipe",
    "activity_level": "LIGHT_EXERCISE",
    "result": "battle_mop",
    "category": "CC_OTHER",
    "subcategory": "CSC_OTHER_TOOLS",
    "skill_used": "fabrication",
    "difficulty": 2,
    "time": "20 m",
    "reversible": true,
    "autolearn": true,
    "qualities": [ { "id": "CUT", "level": 1, "amount": 1 }, { "id": "HAMMER", "level": 2, "amount": 1 } ],
    "components": [
      [ [ "stick", 1 ], [ "2x4", 1 ] ],
      [ [ "rag", 4 ] ],
      [ [ "steel_chunk", 1 ] ],
      [ [ "string_36", 1 ] ],
      [ [ "duct_tape", 25 ] ]
    ]
  },
  {
    "type": "recipe",
    "activity_level": "NO_EXERCISE",
    "result": "panties_kemo",
    "category": "CC_ARMOR",
    "subcategory": "CSC_ARMOR_LEGS",
    "skill_used": "tailor",
    "difficulty": 2,
    "time": "35 m",
    "reversible": false,
    "autolearn": true,
    "tools": [ [ [ "sewing_kit", 15 ] ] ],
    "components": [ [ [ "rag", 2 ] ] ]
  },
  {
    "type": "recipe",
    "activity_level": "NO_EXERCISE",
    "result": "briefs_kemo",
    "category": "CC_ARMOR",
    "subcategory": "CSC_ARMOR_LEGS",
    "skill_used": "tailor",
    "difficulty": 2,
    "time": "35 m",
    "reversible": false,
    "autolearn": true,
    "tools": [ [ [ "sewing_kit", 15 ] ] ],
    "components": [ [ [ "rag", 2 ] ] ]
  },
  {
    "type": "recipe",
    "activity_level": "LIGHT_EXERCISE",
    "result": "milk_serum",
    "category": "CC_CHEM",
    "subcategory": "CSC_CHEM_MUTAGEN",
    "skill_used": "chemistry",
    "skills_required": [ "firstaid", 3 ],
    "difficulty": 7,
    "time": "2 h",
    "batch_time_factors": [ 20, 5 ],
    "book_learn": [ [ "recipe_serum", 6 ], [ "recipe_animal", 6 ] ],
    "using": [ [ "serum_production_standard", 37 ] ],
    "components": [ [ [ "mutagen_cattle", 2 ] ] ],
    "flags": [ "SECRET" ]
  },
  {
    "type": "recipe",
    "activity_level": "NO_EXERCISE",
    "result": "mutagen_maid",
    "category": "CC_CHEM",
    "subcategory": "CSC_CHEM_MUTAGEN",
    "skill_used": "chemistry",
    "difficulty": 9,
    "time": "1 h",
    "book_learn": [ [ "recipe_serum", 6 ] ],
    "reversible": false,
    "autolearn": true,
    "components": [ [ [ "maid_point", 1000 ] ] ]
  }
]
